"","degree(int)"
"Konsalik,HeinzG.",541
"Steiner,Rudolf",368
"Svatek,KurtF.",138
"Andersch,Alfred",261
"Bodrožić,Marica",104
"Böll,Heinrich",794
"Braun,HansMartin",129
"Büchner,Barbara",0
"Büchner,Georg",363
"Celan,Paul",663
"Chamisso,Adelbertvon",253
"Dürrenmatt,Friedrich",784
"Ebert,Sabine",165
"Enzensberger,HansMagnus",696
"Fallada,Hans",456
"Feuchtwanger,Lion",589
"Franck,Julia",539
"Frisch,Max",771
"Frischler,Kurt",0
"George,Nina",518
"Goethe,JohannWolfgangvon",792
"Göttler,Norbert",0
"Grän,Christine",227
"Grass,Günter",767
"Gruber,Marianne",0
"Grün,Maxvonder",439
"Hacker,Katharina",163
"Hackl,Erich",140
"Hauptmann,Gaby",526
"Hebbel,Friedrich",122
"Hesse,Hermann",775
"Hilsenrath,Edgar",428
"Hochhuth,Rolf",0
"Hölderlin,Friedrich",666
"Jelinek,Elfriede",777
"Kafka,Franz",788
"Kehlmann,Daniel",689
"Keller,Gottfried",206
"Köhler,Karen",0
"Lenz,Siegfried",623
"Loidolt,Gabriel",136
"Mann,Thomas",794
"Marti,Kurt",235
"Mercier,Pascal",565
"Minelli,Michèle",0
"Müller,Herta",663
"Müller,Wilhelm",147
"Musil,Robert",711
"Öhri,Armin",0
"Remarque,ErichMaria",625
"Roth,Joseph",576
"Schlink,Bernhard",687
"Schnitzler,Arthur",702
"Schulze,Ingo",762
"Steinhoff,Dorian",0
"Süskind,Patrick",798
"Trakl,Georg",540
"Treiber,Jutta",0
"Treichel,Hans-Ulrich",491
"Wallner,Michael",344
"Walser,Robert",684
"Wolf,Christa",658
"Zeh,Juli",680
"Zweig,Stefan",774
"Acklin,Jürg",0
"Alahmadi,Galal",0
"Auwad,Fouadel-",0
"Bachmann,Ingeborg",665
"Becker,Cornelia",0
"Benn,Gottfried",524
"Born,Nicolas",122
"Braun,Volker",294
"Brecht,Bertolt",625
"Brussig,Thomas",529
"CainKülbel,Jürgen",0
"Courant,Maria",0
"Delius,FriedrichChristian",198
"Erpenbeck,Jenny",668
"Fontane,Theodor",600
"Frischmuth,Barbara",76
"Geiger,Arno",274
"Gstrein,Norbert",231
"Haderlap,Maja",67
"Häfner,Johannes",0
"Handke,Peter",753
"Hartmann,Lukas",195
"Hauptmann,Gerhart",562
"Herrndorf,Wolfgang",291
"Hoppe,Felicitas",219
"Hübotter,Klaus",0
"Khayat,Rasha",57
"Kinkel,Tanja",67
"Kipphardt,Heinar",0
"Klein,Georg",66
"Köhlmeier,Michael",323
"Krüger,Michael",428
"Kuttner,Sarah",66
"Langenscheidt,Florian",0
"Lenze,Ulla",0
"Loetscher,Hugo",201
"Loher,Dea",164
"Menasse,Robert",328
"Mielke,ThomasR.P.",62
"Morgenstern,Christian",313
"Mühldorfer,Stefan",0
"Novalis",555
"Ostermaier,Albert",172
"Özdamar,EmineSevgi",269
"Pehnt,Annette",64
"Peltzer,Ulrich",63
"Peters,Christoph",179
"Präauer,Teresa",0
"Rakusa,Ilma",202
"Ransmayr,Christoph",593
"Rilke,RainerMaria",788
"Ruge,Eugen",484
"Šalāh,ʿAlīaš-",0
"Sartorius,Joachim",198
"Schami,Rafik",412
"Scheuermann,Silke",307
"Schiller,Friedrich",618
"Schimmel,Annemarie",0
"Seiler,Lutz",181
"Spengler,Tilman",139
"Trojanow,Ilija",292
"Walser,Martin",690
"Wawerzinek,Peter",60
"Werner,Markus",382
"Hein,Christoph",394
"Lessing,GottholdEphraim",543
"Lewitscharoff,Sibylle",273
"Werfel,Franz",609
"Williges,FabianW.",333
"Dorn,Wulf",0
"Hohler,Franz",157
"Bernhard,Thomas",725
"Döblin,Alfred",560
"Ende,Michael",218
"Fouqué,FriedrichdeLaMotte-",280
"Glattauer,Daniel",472
"Hoffmann,E.T.A.",714
"Keilson,Hans",346
"Kleist,Heinrichvon",541
"Knister",30
"Nietzsche,Friedrich",462
"Perutz,Leo",459
"Schirach,Ferdinandvon",654
"Tschinag,Galsan",142
"Vanderbeke,Birgit",402
"Zelik,Raul",37
"Bärfuss,Lukas",171
"Bürger,GottfriedAugust",566
"Gomringer,Nora",155
"Grimmelshausen,HansJakobChristoffelvon",276
"Heine,Heinrich",541
"Kohl,Paul",0
"Kumpfmüller,Michael",388
"Lenau,Nikolaus",224
"Lüscher,Jonas",194
"Mann,Klaus",481
"Maron,Monika",383
"Meyrink,Gustav",580
"Pollack,Martin",26
"Sander,Gregor",27
"Schmidt,Kathrin",378
"Winkler,Philipp",28
"Kolbe,Uwe",114
"Ljubić,Nicol",16
"Meckel,Christoph",373
"Michel,Robert",0
"Said",58
"Stanišić,Saša",409
"Suter,Martin",541
"Vermes,Timur",631
"Winkler,Josef",354
"Aichinger,Ilse",267
"Aigner,ChristophWilhelm",0
"Altenberg,Peter",180
"Altmann,Andreas",0
"Andreä,JohannValentin",0
"Arjouni,Jakob",250
"Augustin,Hans",0
"Bannalec,Jean-Luc",340
"Bartschat,PeterGustav",0
"Barylli,Gabriel",0
"Bechstein,Ludwig",0
"Beck,Zoë",0
"Bérard,Sophie",0
"Berg,Sibylle",334
"Berger,Axel",0
"Berger,Herbert",0
"Bergmann,Emanuel",254
"Berner,RotrautSusanne",0
"Beyer,Marcel",346
"Blaise,Henri",0
"Blatter,Silvio",0
"Borchers,Elisabeth",73
"Brambach,Rainer",125
"Brechbühl,Beat",0
"Brem,Ilse",0
"Broch,Hermann",367
"Bruckner,Ferdinand",0
"Buchheim,Lothar-Günther",185
"Canetti,Elias",586
"Capus,Alex",402
"Cejpek,Lucas",0
"Christ,Eva",0
"Cotton,Jerry",132
"Courths-Mahler,Hedwig",306
"Dahn,Felix",82
"Degens,Marc",0
"Dempf,Peter",0
"Demus,Klaus",0
"Deor,Inga",0
"Dinev,Dimitré",0
"Donhauser,Michael",110
"Dorian,Ada",0
"Dragnić,Nataša",539
"Dübell,Richard",231
"Dückers,Tanja",0
"Ebers,Georg",164
"Eisenreich,Herbert",0
"Ernsting,Walter",34
"Eschbach,Andreas",454
"Evert,RoumenM.",0
"Ewers,HannsHeinz",184
"Faes,Urs",369
"Falk,Victorvon",0
"Fassbinder,RainerWerner",46
"Fatah,Sherko",0
"Feyl,Renate",0
"Fischer,ClausCornelius",151
"Fitzek,Sebastian",537
"Frank,Wolfgang",0
"Franzobel",0
"Freud,Sigmund",0
"Freudenthaler,Laura",0
"Fuld,Werner",0
"Ganglbauer,Petra",0
"Garner,R.F.",0
"Gelich,Johannes",0
"Gerstäcker,Friedrich",249
"Gier,Kerstin",535
"Goetsch,Daniel",0
"Goosen,Frank",0
"Gotthelf,Jeremias",188
"Grjasnowa,Olga",165
"Gryphius,Andreas",0
"Gülich,Martin",221
"Haas,Wolf",453
"Hacke,Axel",440
"Haich,Elisabeth",354
"Hammer,JoachimGunter",0
"Hanika,Iris",0
"Hartlieb,Petra",91
"Härtling,Peter",332
"Haslehner-Götz,Elfriede",0
"Hassler,Silke",0
"Hauff,Wilhelm",320
"Heinrich,FranzJosef",0
"Heiss,Sonja",117
"Heitz,Markus",159
"Helle,Heinz",0
"Hennig,Falko",0
"Hirschfeld,Georg",0
"Hochgatterer,Paulus",173
"Hochwälder,Fritz",0
"Hoffmann,Léopold",0
"Hofmannsthal,Hugovon",426
"Hohberg,Annette",94
"Hohlbein,Wolfgang",534
"Holst,Evelyn",119
"Horváth,Ödönvon",140
"Hürlimann,Thomas",234
"Ingold,FelixPhilipp",140
"Inusa,Manuela",0
"Jaeckle,Erwin",0
"Jaroschka,Markus",0
"Jaud,Tommy",373
"Jenny,Zoë",263
"Jonigk,Thomas",0
"Junke,Joe",0
"Kahn,Walter",0
"Kaminer,Wladimir",430
"Kandolf,Franz",0
"Kappacher,Walter",0
"Kasprzak,Andreas",0
"Kasten,Mona",150
"Kästner,Erich",462
"Kim,Anna",0
"Kirsch,Sarah",254
"Kirst,HansHellmut",189
"Klopstock,FriedrichGottlieb",0
"Knittel,John",241
"Koch,Jessica",0
"Kofler,Gerhard",0
"Koltz,Anise",0
"Koneffke,Jan",121
"König,HansH.",0
"Kopacka,Werner",94
"Kracht,Christian",466
"Kraus,Emil",0
"Kraxner,PetraMaria",0
"Kröhn,Julia",0
"Krohn,Tim",0
"Krupp,Ute-Christine",0
"Kubelka,Susanna",332
"Kubiczek,André",0
"Kunze,Reiner",411
"Kürthy,Ildikóvon",560
"Lack,Stephan",0
"Laßwitz,Kurd",0
"Laucke,Dirk",0
"Lechner,Auguste",0
"Lehr,Thomas",0
"Leitgeb,Josef",0
"Lewin,Waldtraut",0
"Lindström,Inga",213
"Link,Charlotte",510
"Löb,Horst",0
"Lubomirski,Karl",265
"Lustiger,Gila",0
"Magnusson,Kristof",24
"Mall,Sepp",0
"Marlitt,E.",176
"Marly,Michelle",0
"May,Karl",520
"Mayer,Anna-Elisabeth",88
"Meyer,ConradFerdinand",298
"Mitterer,Felix",5
"Moers,Walter",495
"Montasser,Thomas",0
"Mora,Terézia",131
"Mörike,Eduard",359
"Moser,AnnemarieE.",0
"Müller,Heiner",347
"Münzer,Hanni",0
"Muschg,Adolf",228
"Nagel,HerbertC.",0
"Neuhaus,Nele",579
"Nigg,Iren",0
"Noll,Ingrid",633
"Okopenko,Andreas",0
"Oleschinski,Brigitte",109
"Opitz,Martin",0
"Orths,Markus",275
"Paura,Martina",232
"Peetz,Monika",525
"Peinkofer,Michael",330
"Pesch,HelmutW.",0
"Peschina,Helmut",0
"Pirinçci,Akif",0
"Plattner,Martin",0
"Poschmann,Marion",275
"Pötzsch,Oliver",336
"Prange,Peter",130
"Raabe,Melanie",237
"Rabensteiner,Konrad",0
"Rabinovici,Doron",0
"Raeber,Kuno",148
"Rathenböck,ElisabethVera",0
"Rétyi,Andreasvon",0
"Rezzori,Gregorvon",150
"Rheinberger,Hans-Jörg",0
"Ross,Stefanie",0
"Rothmann,Ralf",437
"Rudoll,Ronald",0
"Rühm,Gerhard",0
"Ruiss,Gerhard",0
"Sacher-Masoch,Leopoldvon",369
"Safier,David",594
"Samlan,Manuela",0
"Sandig,UlrikeAlmut",0
"Sarafov,Nicolai",0
"Sauer,Beate",0
"Schädlich,HansJoachim",268
"Schalansky,Judith",450
"Schalko,David",0
"Schertenleib,Hansjörg",0
"Schimmelpfennig,Roland",255
"Schindel,Robert",127
"Schirokauer,Alfred",0
"Schmidt,Rosa",0
"Schmitter,Elke",397
"Schneider,Robert",447
"Schomburg,Uwe",0
"Schuberth,Richard",0
"Schwab,Werner",0
"Schwanitz,Dietrich",0
"Sebald,W.G.",618
"Seethaler,Robert",532
"Sendker,Jan-Philipp",496
"Setz,ClemensJ.",176
"Simmel,Georg",0
"Simmel,JohannesMario",485
"Stamm,Peter",329
"Stangl,Thomas",0
"Steffen,Albert",0
"Stehl,Lutz",0
"Stein,Susanne",0
"Steiner,Wilfried",0
"Storm,Theodor",306
"Streeruwitz,Marlene",0
"Strubel,AntjeRávic",0
"Sudermann,Hermann",310
"Sulzer,AlainClaude",247
"Tabori,George",140
"Taylor,Kathryn",403
"Tellkamp,Uwe",235
"Thenior,Ralf",0
"Thiemeyer,Thomas",154
"Thiesler,Sabine",301
"Timm,Uwe",306
"Traven,B.",273
"Tüne,Anna",0
"Turrini,Peter",275
"Unger,GertF.",103
"Urban,Simon",0
"Vandenberg,Philipp",544
"Vögel,Stefan",0
"Wagner,JanCostin",234
"Wallner,Bernard",0
"Walz,Eric",175
"Wassermann,Jakob",273
"Wedekind,Frank",139
"Weidermann,Volker",162
"Weiss,Peter",278
"Wells,Benedict",544
"Weng,Joan",0
"Wichner,Ernest",0
"Widder,Bernhard",73
"Widmer,Urs",543
"Wilken,U.H.",0
"Winter,Karen",169
"Wiplinger,PeterPaul",258
"Wunderer,R.",0
"Wurmitzer,Mario",0
"Yildiz,Jasmin",0
"Zaimoglu,Feridun",260
"Ziegler,Claudia",0
"Zownir,Miron",0
"Abell,ArthurM.",0
"Adorján,Johanna",324
"Arango,Sascha",494
"Baer,Frank",133
"Bánk,Zsuzsa",140
"Bauer,JosefMartin",263
"Becker,Jurek",316
"Bentow,Max",138
"Biller,Maxim",218
"Boëtius,Henning",232
"Boos,Verena",133
"Borchert,Wolfgang",329
"Boschwitz,UlrichAlexander",274
"Breinholst,Willy",217
"Brun,Georg",133
"Bubenzer,Anne",133
"Busch,Wilhelm",472
"Cantieni,Monica",138
"Dörrie,Doris",351
"Egli,WernerJ.",112
"Eichendorff,Josephvon",335
"Fauser,Jörg",140
"Haffner,Ernst",219
"Hagena,Katharina",550
"Haring,Roswitha",137
"Hess,Annette",379
"Huch,Ricarda",144
"Jünger,Ernst",540
"Kandinsky,Wassily",79
"Klabund",297
"Koeppen,Wolfgang",145
"Kooij,Rachelvan",133
"Kremser,Stefanie",197
"Krien,Daniela",351
"Lambeck,Silke",81
"Lange,Hartmut",252
"Lark,Sarah",648
"Loth,Sebastian",133
"Meyerhoff,Joachim",138
"Moníková,Libuše",321
"Olsberg,Karl",233
"Pabst,Lothar",0
"Pestum,Jo",133
"Polgar,Alfred",137
"Rammstedt,Tilman",139
"Reider,Katja",136
"Said,Kurban",289
"Salzmann,Marianna",139
"Schätzing,Frank",456
"Schenkel,AndreaMaria",325
"Schneider,Peter",387
"Schrobsdorff,Angelika",133
"Schröder-Devrient,Wilhelmine",137
"Seghers,Anna",303
"Thüminger,Rosmarie",0
"Tieck,Ludwig",307
"Tucholsky,Kurt",313
"Willi,Jean",0
"Wolf,Klaus-Peter",256
"Zimnik,Reiner",154
"Anderhandt,Jakob",0
"Apitz,Bruno",225
"Barkow,Nick",0
"Berg,Ellen",218
"Berger,Clemens",0
"Berkéwicz,Ulla",147
"Brant,Sebastian",160
"Buchholz,Quint",257
"Danella,Utta",228
"DeCesco,Federica",269
"Droste-Hülshoff,Annettevon",344
"Drvenkar,Zoran",322
"Düffel,Johnvon",230
"Faschinger,Lilian",368
"Federspiel,Jürg",238
"Frei,Pierre",154
"Fröhlich,Susanne",369
"Genazino,Wilhelm",412
"George,Stefan",281
"Gesthuysen,Anne",255
"Giono,Jean",0
"Glavinic,Thomas",412
"Gröschner,Annett",0
"Hallo,Ruth",153
"Heidenreich,Elke",210
"Hein,Jakob",192
"Heine,Helme",133
"Heldt,Dora",399
"Heller,Eva",399
"Hermann,Judith",502
"Heyse,Paul",251
"Hilbig,Wolfgang",233
"Holzach,Alexander",134
"Hoyer,Heike",94
"Kastner,Jörg",250
"Keller,Claudia",231
"Kliesch,Vincent",142
"Kluge,Alexander",229
"Kobr,Michael",0
"Köhler,Joachim",289
"Könnecke,Ole",154
"Krausser,Helmut",350
"Krügel,Mareike",313
"Kuckart,Judith",220
"Lasker-Schüler,Else",365
"Lenz,Anita",0
"Lind,Hera",310
"Lindt,George",0
"Löhr,Robert",409
"Lorenz,Wiebke",184
"Maar,Paul",0
"Marti,Lorenz",0
"Menasse,Eva",236
"Meyer-Dietrich,Inge",0
"Meyer,Kai",419
"Mosebach,Martin",157
"Mühle,Jörg",134
"Nadolny,Sten",451
"Neuwald,Alfred",0
"Ortheil,Hanns-Josef",266
"Parei,Inka",159
"Plenzdorf,Ulrich",222
"Pu,Songling",0
"Qu,Yuan",0
"Regener,Sven",414
"Röckener,Andreas",0
"Scheer,KarlH.",134
"Schober,Michael",0
"Schubiger,Jürg",146
"Schumacher,Jens",92
"Sima,Qian",0
"Simrock,Karl",0
"Strobel,Arno",363
"Thome,Stephan",124
"Wagner,David",133
"Weber,Peter",154
"Weiler,Jan",107
"Wilhelm,Andreas",342
"Wu,Jingzi",0
"Zweig,Stefanie",286
"Abedi,Isabel",0
"Achternbusch,Herbert",0
"Addams,Peter",131
"Adler,H.G.",129
"Aichner,Bernhard",167
"Alexandra",0
"Allmend,Peter",0
"Alpsten,Ellen",0
"Altenburg,Matthias",0
"Altrichter,Michal",0
"Amann,Jürg",156
"Ambers,Jennifer",0
"Amenda,Alfred",0
"Amery,Carl",0
"Amrein,Nicole",0
"Anderson,PoppyJ.",150
"Arp,Hans",0
"Artmann,H.C.",139
"Ausländer,Rose",289
"Averbeck,Sanne",0
"Babendererde,Antje",0
"Bach,Tabea",238
"Back,Jean",0
"Ball,Hugo",0
"Ballestrem,AdlerofeldF.",0
"Ballien,Tilo",0
"Balling,AdalbertLudwig",0
"Bankhofer,Hademar",0
"Bankl,Hans",0
"Barényi,Olga",0
"Basner,GerhardFriedrich",0
"Bauersima,Igor",0
"Baum,Vicki",156
"Baumann,Peter",0
"Becker,Zdenka",214
"Beckmann,Mani",0
"Bednarz,Dieter",0
"Beholz,Robert",0
"Behrendt,Leni",0
"Bekker,Alfred",0
"Belitz,Bettina",136
"Bennett,Ben",92
"Benning,Sophie",0
"Bereuter,Elmar",0
"Bergius,C.C.",209
"Berling,Peter",177
"Bernard,Caroline",0
"Bernhardt,OskarErnst",136
"Bernig,Jörg",0
"Berthold,Will",0
"Beyerlein,Gabriele",0
"Bieler,Manfred",0
"Bienek,Horst",141
"Biernath,Horst",0
"Binder,Luisa",0
"Birkefeld,Richard",0
"Birkner,Friede",0
"Blank-Eismann,Marie",0
"Blickensdörfer,Hans",0
"Bobrowski,Johannes",332
"Bomann,Corina",269
"Borger,Martina",0
"Borries,Friedrichvon",0
"Borsch,Frank",0
"Bouvier,Claire",0
"BôYinRâ",179
"Braem,Harald",117
"Brand,Jule",0
"Brandhorst,Andreas",0
"Brandstetter,Alois",0
"Braslavsky,Emma",0
"Braun,Marcus",0
"Breinersdorfer,Fred",0
"Brendel,Alfred",0
"Brezina,Thomas",136
"Brežná,Irena",186
"Brod,Max",0
"Bronsky,Alina",443
"Buber,Martin",258
"Buresch,Luisa",0
"Buschmann,Michael",112
"Carels,Maeve",0
"Caspari,Sofia",143
"Charon,Daria",114
"Clary-Aldringen,Alfons",0
"Coler,Hannah",0
"Corbi,Inez",0
"Cordonnierová,Marie",0
"Cristen,GabrieleMarie",0
"Cristen,Marie",0
"Cristenová,GabrieleMarie",136
"Cristenová,Marie",0
"Czernin,Monika",0
"Däniken,Erichvon",159
"Dark,Jason",146
"Daumann,Rudolf",0
"Demetz,Hanna",0
"Deprijck,Lucien",0
"Dettwiler,Monika",0
"Dieckmann,Guido",0
"Dittrich,Sabine",0
"Dönhoff,Tatjana",0
"Dorst,Tankred",216
"Doubek,Katja",0
"Doyle,Virginia",84
"Dreer,Mirjam",0
"Drews,Christine",0
"Drosten,Julia",136
"Dutli,Ralph",183
"Dyrlich,Benedikt",0
"Ebner-Eschenbach,Marievon",253
"Eckhardt,Klaus",0
"Eden,Jasmin",0
"Effenberger,FranzFerdinand",0
"Egger,MargarethaN.",0
"Ehrlich,Anna",0
"Eich,Günter",41
"Ekert-Rotholz,Alice",0
"Elgers,Paul",0
"Ellmer,Arndt",0
"Etzold,Veit",147
"Faktor,Jan",0
"Fels,Ludwig",169
"Fendt,Janet",0
"Filip,Ota",0
"Fischer-Rizzi,Susanne",0
"Fischer,MarieLouise",393
"Flašar,MilenaMichiko",165
"Fleischhauer,Wolfram",185
"Fleming,Kayla",84
"Florescu,CatalinDorian",263
"Forell,Frank",0
"Förg,Nicola",0
"Franz,Andreas",196
"Fricke,Lucy",112
"Fried,Erich",184
"Fürnberg,Louis",0
"Futscher,Christian",0
"Gablé,Rebecca",0
"Gabriel,Petra",0
"Gatarik,Václav",0
"Gebhardt,Gusti",0
"Geltinger,Gunther",0
"Gerlach,Heinrich",0
"Germano,Susanne",0
"Gies,Martin",136
"Gilbers,Harald",0
"Giordano,Mario",254
"Glan,Katjavon",0
"Glogger,Beat",136
"Goetz,Rainald",0
"Göhre,Frank",0
"Goldstein,Barbara",0
"Gordian,Robert",0
"Grab,Hermann",0
"Gralle,Albrecht",0
"Greiner,Margret",0
"Gringel,Dana",0
"Gruber,Andreas",320
"Grünbein,Durs",307
"Grünfeld,Max",0
"Gruša,Jiří",0
"Gstättner,Egyd",0
"Günderode,Karolinevon",0
"Günther,JohannChristian",0
"Güsken,Christoph",0
"Hadwiger,Viktor",0
"Haefs,Gisbert",0
"Haensel,Hubert",0
"Hammesfahr,Petra",434
"Hansen,Dörte",192
"Hanstein,Otfridvon",0
"Haratischwili,Nino",40
"Hardebusch,Christoph",0
"Haslinger,Josef",150
"Hauer,Elisabeth",141
"Hauschild,Reinhard",0
"Hausmann,Romy",0
"Heib,Marina",0
"Hein,Mirja",0
"Heine,ErnstW.",0
"Heinichen,Veit",293
"Heinzmann,Josef",0
"Heitmann,Tanja",0
"Hellmann,DianaBeate",0
"Hempfling,KlausFerdinand",0
"Henderson,Jo",0
"Henisch,Peter",173
"Henri,Dianed'",136
"Herm,Gerhard",142
"Herrmann,Gunnar",0
"Heym,Georg",215
"Hildesheimer,Wolfgang",298
"Hill,Roxann",0
"Hilliges,IlonaMaria",0
"Hirschl,Elias",0
"Hoddis,Jakobvan",84
"Hofé,Günter",0
"Hoffmann,Horst",0
"Hohlbein,Rebecca",0
"Holbe,Rainer",0
"Höner,Peter",0
"Huber,Nicole",0
"Hülsmann,Petra",248
"Hünermann,Wilhelm",335
"Husemann,Dirk",0
"Imhof,Agnes",170
"Isau,Ralf",0
"Jacobs,Anne",0
"Jaeger,Henry",0
"Jäger,Gerhard",0
"Jahnn,HansHenny",154
"Jandl,Ernst",287
"Jardas,Margaret",0
"Jeschke,Wolfgang",0
"Jones,Victoria",0
"Jordan,Ricarda",0
"Kaes,Wolfgang",0
"Kaiser,MariaRegina",0
"Kaiser,Vea",0
"Kaminski,André",251
"Kammerer,Iris",0
"Kanaan,Verena",0
"Kapper,Siegfried",0
"Karg,Cassian",138
"Kaufhold,Julia",0
"Kaufmann,Kat",0
"Kellermann,Bernhard",321
"Kempff,Martina",0
"Kennel,Herma",0
"Kern,Claudia",0
"Kern,Silke",0
"Kernbach,Michael",0
"Kirchhoff,Bodo",164
"Kisch,EgonErwin",0
"Kishon,Ephraim",163
"Kitter,Eva",0
"Klassen,Lena",0
"Klein,Benjamin",0
"Klíma,Ladislav",0
"Klüpfel,Volker",0
"Klüssendorf,Angelika",158
"Knapp,Radek",0
"Knauss,Sibylle",272
"Kneifel,Hanns",0
"Koch,Ursula",162
"Kohlhaase,Wolfgang",0
"Kohlmann,Bara",0
"Kokoschka,Oskar",0
"Kollender,Andreas",0
"Konecny,Jaromir",0
"König,Barbara",0
"König,Rainer",0
"Korber,Tessa",0
"Kornfeld,Paul",167
"Köster-Lösche,Kari",0
"Kraft,Robert",0
"Kraiker,Ansgar",0
"Kraus,Karl",161
"Kraus,Susanne",0
"Kreissl,Rainer",0
"Krick,Julius",0
"Křištan,Lukáš",0
"Kubin,Alfred",0
"Kuhn,Krystyna",77
"Kunkel,Thor",0
"Kurbjuweit,Dirk",283
"Kürten,Claudio",0
"Kutscher,Volker",380
"Kwaysser,Marie",0
"Lacrosse,Marie",0
"Lamballe,Marie",0
"Lange-Müller,Katja",91
"Lange,MoritzWulf",0
"Lansburgh,Werner",0
"Laub,Gabriel",0
"Laureen,Anne",0
"Lechleitner,Norbert",159
"LeFort,Gertrudvon",288
"Lehmann,Hanjo",0
"Lehne,Fr.",0
"Lehnhoff,Joachim",119
"Leppin,Paul",0
"Lewinsky,Charles",130
"Lieckfeld,Claus-Peter",0
"Lohmann,Eva",0
"Lorentz,Iny",151
"Lorenzen,Rudolf",0
"Lucas,Charlotte",369
"Lukas,Leo",0
"Lyne,Charlotte",0
"Mahrendorff,C.S.",0
"Maier,Andreas",55
"Maier,Anja",84
"Maly,Anton",0
"Mandl,HerbertT.",0
"Mann,Heinrich",285
"Mannel,Beatrix",0
"Marcus,MarthaSophie",0
"Marginter,Peter",0
"Marlowe,Emma",111
"Marni,Nicola",0
"Martin,Sabine",0
"Martinek,Hilly",0
"Martini,Caro",0
"Martini,Manuela",136
"Marx-Lindner,Lo",131
"Maurer,Jörg",0
"Mayenburg,Mariusvon",0
"Mayer,Gina",0
"Mayröcker,Friederike",435
"Melle,Thomas",156
"Mennen,Patricia",0
"Merz,Klaus",174
"Messner,Reinhold",0
"Modick,Klaus",274
"Mohafez,Sudabeh",0
"Moldovan,Kurt",0
"Molinari,Gianna",0
"Montillon,Christian",0
"Morrison,Tania",0
"Moser,Milena",280
"Muecklich,Bernhardvon",0
"Mueller-Stahl,Armin",0
"Mühlberger,Josef",0
"Müller,Ray",0
"Müller,Willibald",0
"Murr,Stefan",0
"NadjAbonji,Melinda",165
"Nelken,Dinah",0
"Neumann,Robert",0
"Niedlich,Sebastian",136
"Obermeier,Siegfried",0
"Oken,Edgar",0
"Ortner,OttoLudwig",0
"Ott,Wolfgang",0
"Overath,Angelika",0
"Özdogan,Selim",105
"Paretti,Sandra",147
"Pásztor,Susann",0
"Pauly,Gisa",0
"Pausewang,Gudrun",18
"Pedretti,Erica",0
"Percha,Igorvon",0
"Peters,Julie",0
"Peters,Pauline",209
"Pflüger,Andreas",0
"Piper,Hans-A.",0
"Pluhar,Erika",0
"Polák,VlastimilArtur",0
"Polzer-Hoditz,Ludwig",0
"Poznanski,Ursula",362
"Preußler,Otfried",151
"Prien,Günther",0
"Prinz,Martin",0
"Prokop,Gert",136
"Raab,Thomas",0
"Raabe,Marc",248
"Rademacher,Cay",331
"Rainalter,ErwinHerbert",0
"Rath,Hans",81
"Ray,Fran",0
"Rehfeld,Frank",0
"Rehn,Heidi",0
"Reich,Helena",0
"Reimann,Brigitte",0
"Reinerová,Lenka",0
"Reinwarth,Alexandra",0
"Renn,Ludwig",0
"Resch,Erwin",0
"Riebe,Brigitte",0
"Riedel,Susanne",0
"Riess,Erwin",0
"Ringelnatz,Joachim",84
"Roche,Charlotte",414
"Rode,Tibor",204
"Rodik,Belinda",139
"Roedl,Urban",0
"Rohr,Angela",0
"Ronzoni,Michaela",0
"Rosenblum,Senek",0
"Rosendorfer,Herbert",95
"Rößler,Max",0
"Roth,Patrick",181
"Rudorf,Sonja",0
"Rühle-Gerstel,Alice",0
"Rylance,Ulrike",136
"Saar,Ferdinandvon",156
"Saborowski,Jenk",0
"Sachau,Ursula",131
"Sakamoto,Miki",0
"Salten,Felix",294
"Salvatore,Gaston",0
"Sander,Karen",0
"Schärf,Christian",0
"Scheibler,Susanne",0
"Schick,Eugen",0
"Schiewe,Ulf",0
"Schiffer,Wolfgang",0
"Schiller,B.C.",0
"Schimanek,Leosch",0
"Schlag,Hans",0
"Schmidt,Arno",91
"Schramm,Karin",0
"Schreyer,Wolfgang",0
"Schröder,RainerM.",0
"Schroeder,Bernd",125
"Schulz,Berndt",0
"Schulz,MaxWalter",0
"Schuster,PeterM.",0
"Scofield,RaymondA.",0
"Seghers,Jan",88
"Seidel,Georg",136
"Seifert,Dagmar",0
"Seipolt,Adalbert",0
"Seitz,Susanne",0
"Selinko,Annemarie",0
"Şenocak,Zafer",0
"Serno,Wolf",0
"Setzwein,Bernhard",119
"Simon,Erik",0
"Simon,Lars",0
"Simon,Teresa",0
"Singer,Lea",173
"Smercek,Borisvon",228
"Sobol,Yehoshuaʿ",0
"SoloLovec",0
"Sommer,Erika",0
"Sommer,Ernst",0
"Sonnenschein,Hugo",0
"Soyener,Johannes",0
"Spiess,ChristianHeinrich",0
"Spillmann,Joseph",255
"Stalmann,Franziska",257
"Stavarič,Michael",0
"Steinberg,Jill",0
"Steinberg,Werner",136
"Stifter,Adalbert",324
"Stössinger,Verena",0
"Strauß,Botho",156
"Strittmatter,Erwin",0
"Ströbinger,Rudolf",0
"Strobl,KarlHans",151
"Struhar,Stanislav",0
"Strunk,Heinz",112
"Šulc,Jiří",0
"Swann,Leonie",165
"Swidler,UliT.",0
"Tempel,Katrin",0
"Theißen,Gerd",0
"Thomas,Charlotte",84
"Thorne,Laura",0
"Thürk,Harry",122
"Thurner,MichaelMarcus",0
"Tietz,Gerold",0
"Toller,Ernst",0
"Tomiak,Kerstin",0
"Torberg,Friedrich",0
"Torsten,Helga",0
"TrützschlervonFalkenstein,Eugenie",0
"Tykwer,Tom",0
"Uhlmann,Thees",0
"Ulrich,Stefan",0
"Ungar,Hermann",0
"Unterweger,Jack",0
"Uris,Leon",0
"Urzidil,Johannes",0
"Vandenberg,Patricia",0
"Velasco,Stefaniede",0
"Veran,Traude",0
"Vertlib,Vladimir",0
"Veteranyi,Aglaja",252
"Vogt,Walter",0
"Volkers,Mara",0
"Voosen,Roman",0
"Voss,Willi",0
"Vosseler,NicoleC.",271
"Walden,Laura",233
"Walloth,Wilhelm",131
"Wantula,Kathinka",0
"Wassermann,Sabine",0
"Waters,Shirley",0
"Weigold,Christof",0
"Weiß,Ernst",0
"Wendland,Martin",0
"Wewerka,Michael",0
"Wich,Henriette",0
"Wilhelm,Uwe",0
"Winder,Ludwig",0
"Winkelmann,Andreas",233
"Würger,Takis",0
"Wurm,Franz",0
"Youkhana,Sargon",0
"Ziegler,Thomas",0
"Ziesche,MariaCalasanz",139
"Zinn,Dorit",0
"Abele,Jan",0
"Askan,Katrin",0
"Baronsky,Eva",204
"Borrmann,Mechtild",0
"Bottini,Oliver",0
"Brandis,Mark",0
"Buchholz,Simone",152
"Chaimowicz,Sascha",0
"Chaplet,Anne",0
"Christophersen,Jan",0
"Degenhardt,FranzJosef",136
"Deitmer,Sabine",0
"Demirkan,Renan",0
"Dische,Irene",0
"Duvanel,Adelheid",0
"Duve,Karen",259
"Ebertowski,Jürgen",0
"Eckert,Hella",0
"Elmiger,Dorothee",0
"Fleißer,Marieluise",0
"Gercke,Doris",149
"Glauser,Friedrich",331
"Goldammer,Frank",0
"Goldschmidt,Georges-Arthur",0
"Goll,Yvan",102
"Hanika,BeateTeresa",7
"Haushofer,Marlen",356
"Herzberg,André",0
"Hettche,Thomas",286
"Hoffmann,Heinrich",208
"Honigmann,Barbara",159
"John,Kirsten",0
"JuulClausen,Erik",0
"Keun,Irmgard",389
"Kleeberg,Michael",0
"Kling,Marc-Uwe",0
"Klönne,Gisa",0
"Königsdorf,Helga",0
"Korschunow,Irina",0
"Lappert,Rolf",0
"Lazar,Maria",0
"Lebert,Benjamin",218
"Leky,Mariana",142
"Loest,Erich",166
"Meyer,Clemens",0
"Mozart,WolfgangAmadeus",107
"Nevis,Ben",0
"O'Connor,Philip",0
"Oelker,Petra",134
"Oswald,GeorgMartin",0
"Petrowskaja,Katja",391
"Petschull,Jürgen",0
"Poschenrieder,Christoph",0
"Przybyszewski,Stanisław",0
"Reichlin,Linus",0
"Ritzel,Ulrich",0
"Rodrian,Irene",0
"Rudigier,Helmut",0
"Sachs,Hans",0
"Scheuer,Norbert",0
"Schreiber-Wicke,Edith",0
"Schröder,Adolf",0
"Schwitter,Monique",0
"Silber,Rolf",0
"Speichert,Horst",0
"Strauss,Richard",0
"Strauß,Simon",0
"Stuckrad-Barre,Benjaminvon",0
"Tawada,Yōko",159
"Tesch,Michael",0
"Tillmann,Anke",0
"Valentin,Stephan",0
"Vennemann,Kevin",218
"Wagner,Richard",277
"Walser,Alissa",0
"Waterhouse,Peter",0
"Wellershoff,Dieter",162
"Wildenhain,Michael",0
"Wilkomirski,Binjamin",123
"Winterfeld,Ulrich",0
"Wodin,Natascha",176
"Wölfli,Adolf",0
"Zeindler,Peter",99
"Zürn,Unica",0
"A.,Sonay",0
"Abarbanell,Stephan",136
"Adler,Hans",0
"Ambras,Elisabeth",0
"Anders,Günther",0
"Andresky,Sophie",0
"Augustin,Anita",0
"Aydemir,Fatma",0
"Baier,Lothar",0
"Ballabene,Alfred",0
"Barbetta,MaríaCecilia",143
"Barz,Paul",0
"Bauer,Jutta",0
"Bauknecht,Werner",0
"Baumgarten,Jürgen",0
"Bayer,Konrad",0
"Bazyar,Shida",0
"Becker,Lars",0
"Beele,Louisa",0
"Beer,Alex",0
"Bender,Marylka",0
"Benjamin,Walter",180
"Berg,Alex",0
"Berkel,Christian",0
"Bernuth,Christa",168
"Bessing,Joachim",0
"Binkert,Dörthe",159
"Bjerg,Bov",0
"Blobel,Brigitte",107
"Blom,Philipp",0
"Bluhm,Detlef",0
"Böckl,Manfred",0
"Bogdan,Isabel",0
"Böll,Lisa",0
"Bonné,Mirko",173
"Born,Christoph",0
"Bouma,Hans",0
"Bräunig,Werner",117
"Breznik,Melitta",0
"Brudereck,Christina",0
"Brunner,Hans",0
"Buck,Vera",0
"Bülow,Trixivon",0
"Camenisch,Arno",0
"Canetti,Veza",0
"Conrad,Julia",0
"Cookson,Catherine",0
"Cotten,Ann",0
"Crown,Jonathan",0
"Cyran,Eberhard",0
"Dehnerdt,Eleonore",0
"Dietz,Friedrich",0
"Dobbers,Jens",140
"Döbrich,Annette",0
"Doderer,Heimitovon",325
"Domin,Hilde",347
"Dorn,Thea",0
"Dulleck,Nina",0
"Dziewas,Dorothee",0
"Eberlein,Maren",0
"Ebner,Gudrun",0
"Eckert,Horst",0
"Eisele,Martin",0
"Engel,Leopold",0
"Engelmann,Bernt",0
"Engelmann,Ulrich",0
"Englisch,Andreas",0
"Ernst,Gustav",0
"Falk,Rita",289
"Fallwickl,Mareike",0
"Fassbinder,Helga",0
"Felten,Monika",0
"Fischer,Erica",0
"Flex,Walter",129
"Frank,Leonhard",137
"Fried,Amelie",0
"Friedrich,Anna",0
"Fritsch,Valerie",165
"Froeschel,George",0
"Fühmann,Franz",89
"Funk,Kristin",0
"Funk,Mirna",0
"Ganser,Susanne",0
"Garstka,Dietrich",0
"Gehring,Birgitt",0
"Georgi,André",0
"Gerstenberg,Franziska",0
"Giampietro,Nicoletta",0
"Gmeyner,Anna",0
"Goes,Albrecht",0
"Gombold,Bernd",80
"Gorelik,Lena",0
"Grabbe,ChristianDietrich",0
"Gregor,Manfred",0
"Grigorcea,Dana",127
"Grimm,HansHerbert",0
"Güngör,Dilek",0
"Hahn,Ulla",0
"Halbe-Bauer,Ulrike",0
"Hamann,Anna",0
"Hamann,Christof",0
"Hampe,JohannChristoph",0
"Hansen,Ule",0
"Hasler,Eveline",0
"Hegemann,Helene",0
"Hegewisch,Helga",0
"Hein,Christa",0
"Heischkamp,Anna",0
"Held,Monika",128
"Helfer,Monika",0
"Helfrich,Horst",0
"Hennen,Bernhard",0
"Herbing,Alina",0
"Herburger,Günter",0
"Herlin,Hans",0
"Herrmann,Elisabeth",0
"Hesse,AndreasD.",0
"Hillenbrand,Tom",56
"Hinrichsen,Peter",0
"Hitzbleck,Klaus-Bodo",0
"Hoffmann,Sandra",0
"HoffmannvonFallersleben,AugustHeinrich",0
"Hofmann,Gert",280
"Hohl,Ludwig",0
"Horváth,Martin",0
"Huizing,Klaas",87
"Ingendaay,Paul",0
"Ingenheim,Marieluisevon",0
"Isemann,Bernd",0
"Isringhaus,Jörg",0
"Jansen,Hanna",0
"Jarawan,Pierre",0
"Jaschinski,Christian",0
"Jeissing,Ivana",0
"Johnson,Uwe",0
"Jörgensen,Dieter",0
"Josten,Husch",0
"Jungk,PeterStephan",0
"Kaiser-Mühlecker,Reinhard",0
"Kalman,Anna",0
"Karoly,Jil",0
"Kast-Riedlinger,Annette",0
"Käufer,HugoErnst",0
"Kaufman,Kat",0
"Kebir,Sabine",0
"Kegel,Bernhard",0
"Keglevic,Peter",0
"Kempowski,Walter",135
"Kessel,Martin",0
"Kesser,Hermann",0
"Kiening,Alexandra",0
"Kinsky,Esther",0
"Kirchhoff,Hans",0
"Kling,Ulla",0
"Kluger,Martin",0
"Klugmann,Norbert",158
"Knellwolf,Ulrich",218
"Koch,Erich",5
"Kögl,Gabriele",0
"Kolmar,Gertrud",171
"Kolosowa,Wlada",0
"König,Lea",0
"Köppen,Edlef",0
"Körner,Heinz",0
"Kühn,Andrea",0
"Kuhn,SandyTaikyu",0
"Kutschke,Svealena",0
"Lange,Kathrin",0
"Lavant,Christine",39
"Ledig,Gert",0
"Leenders,Hiltrud",0
"Lenz,Pedro",154
"Leo,Per",0
"Lindemann,Till",154
"Lindholm,Dan",0
"Lippke,Mila",0
"Lögering,Carsten",0
"Löhnig,Inge",93
"Löwenberg,Nele",69
"Lüninghöner,Gert",0
"Lux,Lana",0
"Marcus,Paul",0
"Marzi,Christoph",0
"Maurer,MariaLuise",0
"Meier,Beatrice",0
"Meinecke,Thomas",0
"Meißner,TobiasO.",0
"Merkel,Inge",0
"Merkel,Rainer",0
"Mikeleitis,Edith",0
"Mischke,Susanne",0
"Mischke,Thilo",0
"Mitgutsch,Anna",40
"Müller,DieterAlpheo",0
"Müller,Titus",0
"Mulot,Sibylle",153
"Nendza,Jürgen",75
"Nestvold,Ruth",0
"Nett,Olaf",0
"Niedermeier,Karin",0
"Nöldeke,Eva",0
"Olvedi,Ulli",0
"Ott,Karl-Heinz",0
"Paprotta,Astrid",0
"Partmann,Irmgard",0
"Paust,Ingerose",0
"Pfaus,WalterG.",5
"Philipps,Carolin",0
"Piazza,Barbara",0
"Pleschinski,Hans",0
"Poppe,Ine",0
"Potente,Franka",0
"Pradelski,Minka",0
"Pressler,Mirjam",0
"Raddatz,FritzJ.",0
"Rai,Edgar",0
"Randl,Lola",0
"Rapp,Stephanie",0
"Rehn,Jens",0
"Rein,Heinz",0
"Reinehr,Wilfried",5
"Reinig,Christa",0
"Reinirkens,Leonhard",0
"Renz,Hans",0
"Reuter,Fritz",0
"Richle,Urs",0
"Richter,Jutta",0
"Riemann,Silke",0
"Riess,Curt",0
"Rinser,Luise",278
"Roes,Michael",0
"Roggenkamp,Viola",0
"Rosenfeld,Astrid",0
"Rygiert,Beate",0
"Sabel,RolfD.",0
"Sachs,Nelly",368
"Sahler,Martina",0
"Saint-Exupéry,Antoinede",129
"Saladin,Barbara",0
"Salomon,Rolf",0
"Salzmann,Marlis",0
"Sander,Helke",0
"Santini,Francesca",0
"Schaus,Robert",0
"Schefter,Karla",0
"Scheik,Ute",0
"Schellenbaum,Peter",0
"Schenk,Sylvie",0
"Schilling,Uschi",0
"Schimmelbusch,Alexander",0
"Schmidt,Hanneliese",0
"Schnitzler,Heiner",0
"Schoenaker,Theo",0
"Schöne,Lothar",119
"Schreiber,Claudia",187
"Schreiner,Ernst",0
"Schreiner,Margit",0
"Schrödter,Sybille",0
"Schrott,Raoul",0
"SchultevonDrach,MarkusChristian",106
"Schutti,Carolina",0
"Schwanfelder,Werner",0
"Schwartz,Richard",0
"Schwarzenbach,Annemarie",0
"Schwerdtfeger,Malin",0
"Schwitters,Kurt",0
"Seligmann,Rafael",0
"Seltmann,Lotharvon",0
"Shakib,Siba",0
"Siegel,Franziska",0
"Sinakowski,Andreas",0
"Sloterdijk,Peter",0
"Sölle,Dorothee",0
"Sommer-Bodenburg,Angela",224
"Sonne,Werner",0
"Spehling,Bernd",0
"Sperber,Manès",0
"Spinnen,Burkhard",119
"Steinaecker,Thomasvon",0
"Stenglein,Nadine",0
"Sterchi,Beat",0
"Storks,Bettina",0
"Stramm,August",0
"Streichner,Franz",0
"Strittmatter,Thomas",0
"Suttner,Berthavon",0
"Tergit,Gabriele",0
"Theden,Johanna",0
"Thelen,AlbertVigoleis",0
"Theurillat,MichaelJ.",0
"Ullmann,Regina",0
"Ustinov,Peter",0
"Veloso,Ana",145
"Vennebusch,Paulus",0
"Viebig,Clara",0
"Vlcek,Ernst",0
"Vogel,Thomas",0
"Völler,Eva",185
"Waberer,Ketovon",172
"Wagner,Jan",158
"Walter,Nicole",0
"Weber,Anne",0
"Weil,Grete",0
"Weinland,DavidFriedrich",107
"Wellendorf,Elisabeth",0
"Welsh,Renate",147
"Wieke,Thomas",0
"Willmann,Thomas",0
"Wilpert,Bettina",0
"Winiewicz,Lida",0
"Winkler,Mechthild",0
"Winterberg,Liv",0
"Witeschnik,Alexander",0
"Wittwer,Siegfried",0
"Woelk,Ulrich",0
"Wohmann,Gabriele",0
"Wolf,Victoria",0
"Wolfram,Gernot",0
"Wollwerth,Maria",0
"Woodiwiss,KathleenE.",0
"Wortmann,Marc",0
"Zeitler,Josef",0
"Zietsch,Uschi",0
"Zigan,Margarete",0
"Zimmer,Dieter",0
"Zoeke,Barbara",0
"ZurNieden,Eckart",0
"Zweig,Arnold",128
"Adib,Mu.",0
"Allemann,Urs",0
"Andreas-Salomé,Lou",0
"Angelroth,Dirk",0
"Ani,Friedrich",0
"Annas,Max",0
"Arbenz,PeterU.",0
"Archer,Ursula",0
"Arnim,Achimvon",0
"Arven,Melisande",0
"Auel,JeanM.",0
"Ayim,May",0
"Babunin,Svetokril",0
"Bach,Günther",0
"Bäcker,Heimrad",0
"Badoux,Christophe",0
"Bahrdt,CarlFriedrich",0
"Banciu,Carmen-Francesca",0
"Banciu,CarmenFrancesca",0
"Banz,Stefan",0
"Barthel,Helmut",0
"Bauer,Ulrike",0
"Bauer,Wolfgang",0
"Bauerdick,Rolf",0
"Beck,Peter",0
"Beer,Erich",108
"Beer,Johann",0
"Behr,Hans-Georg",0
"Belin,Sara",0
"Bemmann,Hans",0
"Berg,Peter",0
"Bergmann,Claire",0
"Bettauer,Hugo",0
"Bettinger,Martin",0
"Beyer,Sigrid",0
"Bierbaum,OttoJulius",0
"Biermann,Pieke",0
"Bleher,AmandaFloraHilda",0
"Bloch,Ernst",0
"Blume,Dorothea",0
"Boehning,Larissa",0
"Böke,Hubert",0
"Boltshauser,Patrick",0
"Bonaventura",0
"Bonhoeffer,Dietrich",0
"Bosetzky,Horst",0
"Bossong,Nora",0
"Brandt,Jan",0
"Bringston,Robert",0
"Brinkmann,RolfDieter",117
"Brückmann,Kathrin",0
"Brückner,Christine",136
"Brunner,Bernd",0
"Brus,Günter",0
"Bruyn,Günterde",0
"Bühlmann,Andrea",0
"Bulkowski,Hansjürgen",0
"Büren,Erhardvon",0
"Burkart,Erika",0
"Burstein,Martin",0
"Calonego,Bernadette",0
"Caprez,Andrea",0
"Carl,Peter",0
"Carové,FriedrichWilhelm",0
"Chagall,Marc",0
"Chamier,Peterde",0
"Chidgey,Catherine",0
"Cohn,HansW.",0
"Conrad,Kai-Uwe",0
"Crow",0
"Csokor,FranzTheodor",0
"Czurda,Elfriede",108
"Dahlke,Paul",0
"Dath,Dietmar",0
"Dehe,Astrid",0
"Demirtel,Eevie",0
"DerStricker",0
"Deus,Van",0
"DiCarmen,Sonju",0
"Dick,PhilipK.",0
"Dieckmann,Dorothea",0
"Dietmann,Ulrike",0
"Dietrich,William",0
"Dillner,Timo",0
"Discher,Christian",0
"Ditfurth,Christianvon",0
"Doehn,UweGeorg",0
"Dohm,Hedwig",0
"Dor,Milo",0
"Dorfer,Marianne",0
"Döring,Dieter",0
"Douglas,James",0
"Drach,Albert",0
"Drews,Arne",0
"Dunham,Tony",0
"Dürrson,Werner",113
"Durst-Benning,Petra",166
"Ebner,Jeannie",0
"Edmonds,Frances",0
"Ehrenstein,Albert",0
"Eichner,Hans",0
"Engelmann,Philipp",0
"Ensafpour,Nahid",0
"Enzensberger,Theresia",0
"Erb,Elke",120
"Erbsland,E.S.",0
"Exner,Helmut",0
"Falkensee,Margaretevon",0
"Ferk,Janko",0
"Fichte,Hubert",0
"Fischer,Friedrich",0
"Fitzgerald,Penelope",0
"Forbes,Colin",0
"Fox,Katia",0
"François,Louisevon",0
"Frank,Rudolf",0
"Franley,Mark",0
"Franzos,KarlEmil",0
"Freitag,Günther",0
"Frensch,Michael",0
"Frey,Hans-Jost",0
"Freytag-Loringhoven,Elsavon",115
"Friedlaender,Salomo",0
"Fritz,Marianne",0
"Frohmann,Christiane",0
"Frontzek,Alice",0
"Fuchs,Anton",0
"Fuchs,SigneAnita",0
"Gahse,Zsuzsanna",0
"Gaponenko,Marjana",0
"Gauch,Sigfrid",108
"Geißler,Heike",0
"Giese,Alexander",0
"Gieselmann,David",0
"Giesler,Manfred",0
"Girardin,Delphinede",0
"Glaeser,Ernst",0
"Gmür,Mario",0
"Goethe,Christa",0
"Gogoll,Ruth",0
"Gordon,ChuckIan",0
"Göring,Gunter",0
"Gottsched,LuiseAdelgundeVictorie",0
"Grahn,Christian",0
"Gramich,Johannes",0
"Greene,Harlan",0
"Grill,Evelyn",39
"Grimm,Jacob",0
"Grimm,Wilhelm",0
"Groh,Kevin",0
"GromerKhan,Al",0
"Gronemann,Sammy",0
"Gros,Rainer",0
"Groß,Claudia",144
"Gruber,ReinhardP.",0
"Grünzweig,Dorothea",0
"Grzimek,Martin",0
"Gubler,ChristineK.",0
"Guggenheimer,Michael",0
"Hahn,Nikola",0
"Haidegger,Christine",0
"Haller,Albrechtvon",151
"Hambrecht,Martina",0
"Händler,Ernst-Wilhelm",0
"Hanika,Tanja",0
"Harder,Swen",0
"Harig,Ludwig",0
"Harrach,Verenavon",0
"Harriet,Elisabeth-Joe",0
"Hauser,Heinrich",0
"Hebel,JohannPeter",168
"Hellinger,Bert",0
"Helminger,Guy",0
"Hens,Gregor",0
"Hensel,Kerstin",0
"Herbote,Burkhard",0
"Herzl,Theodor",123
"Herzmanovsky-Orlando,Fritzvon",159
"Hessel,Franz",0
"Heym,Stefan",127
"Hildebrand,Jens",0
"Hlawaty,Graziella",0
"Hoffer,Klaus",0
"Holst,Margaretevon",0
"Höß,Rudolf",0
"Hotschnig,Alois",0
"Huchel,Peter",352
"Iddings,BenjaminPaul",0
"Irshaid,Karin",0
"Izquierdo,Andreas",65
"Jaeger,Kurt",0
"Jaeggi,Urs",0
"Jaumann,Bernhard",0
"JeanPaul",0
"Jenner,Simon",0
"Jennings,Gary",0
"Jeromin,Britta",0
"Jirgl,Reinhard",0
"Johler,Jens",0
"Jonke,Gert",0
"Jopaire,Sandrine",0
"Joseph,Wendy",0
"Julian,Helena",0
"Jungo,Michael",0
"Kafka,Franz!118559230!",0
"Kahn,Lisa",0
"Kaiser,Georg",0
"Kaiser,Gloria",0
"Kämpchen,Martin",0
"Kansy,Helga",0
"Kaschnitz,MarieLuise",40
"Kautz,HelgeT.",0
"Keene,Brian",0
"Kermani,Navid",115
"Kerner,Justinus",0
"Kerschbaumer,Marie-Thérèse",0
"Kettenbach,HansWerner",0
"Keussen,Anselm",0
"Keys,KerryShawn",0
"Khider,Abbas",153
"King,Stephen",0
"Kirsch,Dietrich",0
"Kirschke,Waltraud",0
"Kiy,Bärbel",0
"Klein,OlafGeorg",0
"Kleist,Peter",0
"Klinger,Kurt",0
"Kloeble,Christopher",114
"Klöppelschuh,Elvira",0
"Kneifel,Hans",0
"Knelles,Sylvia",0
"Knodt,Reinhard",0
"Koestler,Arthur",0
"Kofler,Werner",162
"Kolb,Angelika",0
"Kolleritsch,Alfred",0
"Komenda-Soentgerath,Olly",115
"Köpf,Gerhard",0
"Koppel,Gert",0
"Körber,Lili",0
"Korn,Ernst",0
"Kotzebue,Augustvon",123
"Kpalete,Yawhleim",0
"Kracauer,Siegfried",0
"Krall,Hanna",0
"Krechel,Ursula",0
"Kremer,Rüdiger",0
"Kreslehner,Gabi",0
"Krispien,Edith",0
"Kristin,MarkoZ.",0
"Kroetz,FranzXaver",0
"Krolow,Karl",151
"Kronauer,Brigitte",0
"Krumbiegel,Steffi",0
"Kuhnau,Johann",0
"Kummer,Tom",0
"Kunert,Günter",264
"Kunst,Thomas",0
"Laederach,Jürg",0
"Laher,Ludwig",39
"Landorff,Max",157
"Lange,Laura",0
"Lange,Sabine",0
"LaRoche,Sophievon",0
"Lassnig,Maria",0
"Lebek,Hans",0
"Leeb,Root",65
"Leiber,Svenja",0
"Lemmermayer,Fritz",0
"Lenz,JakobMichaelReinhold",163
"Lernet-Holenia,Alexander",178
"Lichtenberg,GeorgChristoph",133
"Llewellyn,Ralph",0
"Loen,JohannMichaelvon",0
"Löns,Hermann",123
"Losacker,Wolfgang",0
"Loschütz,Gert",0
"Lucassen,ArjenAnthony",0
"Lukas,Clint",0
"Lützow,Theresevon",0
"Mächler,Stefan",0
"Mahle,Martin",0
"Mahler,Nicolas",0
"Mahlmeister,Josef",0
"Mander,Matthias",0
"Marheinecke,Reinhard",0
"MarieMadeleine",0
"Martens,Klaus",0
"Maurer,Hermann",0
"Mayer,Markus",0
"McFadyen,Cody",0
"Meerbaum-Eisinger,Selma",134
"Meier,Gerhard",144
"Meinhold,Wilhelm",0
"Meister,Ernst",151
"Meistermann,Heinz",0
"Mettler,Felix",0
"Michaels,AdiMira",0
"Michelis,Hubert",0
"Miranda,Carmen",0
"Mitchell,Davina",0
"Mitterer,Erika",0
"Morgner,Irmtraud",0
"Moritz,KarlPhilipp",0
"Morrison,Toni",0
"Mühsam,Erich",134
"Müller,CorneliaH.",0
"Münter,FelixA.",0
"Münzberg,Olav",0
"Neeser,Andreas",0
"Nenik,Francis",0
"Netzel,Rebecca",0
"NevenDuMont,Alfred",0
"Nickel,Rainer",0
"Niederwieser,Stephan",0
"Nitsch,Hermann",0
"Norris,Bruce",0
"Nossack,HansErich",203
"Nürnberg,Dorothea",0
"Ohler,Norman",0
"Ohnemus,Günter",229
"Orfali,Stephanie",0
"Ornstein,Anna",0
"Ortwein,Barbara",0
"Oser,Pierre",0
"Paglia,Benno",0
"Pahl,Arthur",0
"Palmer,Lilli",119
"Pappenheim,Bertha",0
"Pasqué,Ernst",0
"Pastior,Oskar",0
"Pein,Adrian",0
"Perplies,Bernd",0
"Pesch,OttoHermann",0
"Pessl,Peter",0
"Pfeiffer,Astrid",0
"Pfeiffer,Boris",0
"Piontek,Heinz",0
"Pitsch,Peter",0
"Pleier,Der",0
"Pletzinger,Thomas",0
"Politycki,Matthias",0
"Popin,DoruEugen",0
"Proensa,Katrin",0
"Profijt,Jutta",0
"Queens,Marah",0
"Raabe,Wilhelm",54
"Rachewiltz,Patriziade",0
"Raimund,Hans",120
"Rathenow,Lutz",0
"Rau,Heribert",0
"Ravencraft,Cecille",0
"Reef,Rob",0
"Reichart,Elisabeth",0
"Reinecke,Maria",0
"Reinke,WilhelmW.",0
"Reinshagen,Gerlind",0
"Reitberger,Klaus",0
"Reizenstein,Ludwigvon",0
"Remp,Marietta",0
"Retter,Utz",0
"Reuter,Gabriele",0
"Rewenig,Guy",0
"Rice,Anne",0
"Richling,Sabine",0
"Richter,Falk",0
"Rick,Karin",0
"Riess,Elke",0
"Rinck,Monika",181
"Rinke,Moritz",265
"Roberts,AileenP.",0
"Röggla,Kathrin",141
"Röhricht,Frank",0
"Rosei,Peter",0
"Roth,Anna",0
"Roth,Gerhard",0
"Rouska,Nena",0
"Rudolph,Kriss",0
"Rudolphi,Joachim",0
"Ruff,Matt",0
"Rutenborn,Günter",0
"Ruth,Alexander",0
"Salzinger,Helmut",0
"Sandmill,George",0
"Sandra,Walkshofer",0
"Sandvik,Linn",0
"Sangmeister,R.K.",0
"Sauder,Ben",0
"Saunders,Kate",115
"Savio,Joerg",0
"Schaper,Edzard",139
"Scharang,Michael",0
"Schaukal,Richardvon",0
"Scheerbart,Paul",0
"Scheib,Asta",0
"Scheunemann,Frauke",0
"Scheuring,Christoph",0
"Schlag,Evelyn",115
"Schlegel,Dorotheavon",39
"Schleiermacher,Friedrich",0
"Schlierf,Werner",0
"Schlink,Basilea",0
"Schmidt,Thyra",0
"Schmitt-Egenolf,Andreas",0
"Schnabel,JohannGottfried",0
"Schneider,Rainer",0
"Schneitter,Elias",0
"Schnell,CarlMaria",0
"Schnitgerhans,Holger",0
"Scholz,Erhard",0
"Schönthaler,Philipp",0
"Schönwerth,FranzXavervon",0
"Schröter,Lorenz",0
"Schulz,Torsten",0
"Schünemann,Christian",0
"Schutting,Julian",0
"Schwager,Raymund",0
"Schwarz,Stephan",0
"Schweitzer,Albert",0
"Scott,Diana",0
"Sebestyén,György",0
"Seibel,Klaus",0
"Serner,Walter",0
"Sethe,Stefan",0
"Shetty,MelanieT.",0
"Showghi,Farhad",0
"Sieber,Regula",0
"Siegelberg,Mark",0
"Skwara,ErichWolfgang",118
"Soler,Nike",0
"Solger,Reinhold",0
"Sorg,Edward",0
"Specht,Kerstin",115
"Spescha,Flurin",0
"Spira,Mela",0
"Starhemberg,Heinrichvon",0
"Starling,Isobel",0
"Stefan,Verena",0
"Steff",0
"Stein,Benjamin",55
"Steiner,Peter",0
"Steinherr,Ludwig",115
"Steinmetz,M.H.",0
"Stejnar,Emil",0
"Stern,Horst",0
"Stern,Tanja",0
"Stolterfoht,Ulf",0
"Strubberg,FriedrichArmand",0
"Suchanek,Andreas",0
"Suhr,Geertje",115
"Swindells,Madge",0
"Sylvanus,Erwin",0
"Symon,Karl-Heinz",0
"Szyszkowitz,Gerald",0
"Taugwalder,Hannes",0
"Tausin,Floco",0
"Thích-Nhất-Hạnh",0
"Thomsen,William",0
"Thon,Eleonore",0
"Thorn,Ines",0
"Thümmel,MoritzAugustvon",0
"Tielsch,Ilse",151
"Törne,Volkervon",0
"Tossing,Gudrun",0
"Tralantry,Thomas",0
"Trauboth,Jörg.H.",0
"Trauboth,JörgH.",0
"Truschner,Peter",0
"Uhly,Steven",0
"Ulrich,Ingeborg",0
"Utler,Anja",0
"Vogel,Alois",137
"Vogel,Bruno",0
"vonGoethe,JohannWolfgang",0
"Wackwitz,Stephan",0
"Walter,OttoF.",0
"Wanageeska,J.M.",0
"Wander,Fred",150
"Waschkau,PaulM.",0
"Weber,Renate",0
"Weihe,Richard",0
"Weiss,Volkmar",0
"Weitzer,Horst",0
"Welp,Anette",0
"Welzel,ChristianS.",0
"Wenders,Wim",0
"Werner,Christoph",0
"Westphalen,Josephvon",0
"Wetzel,Maike",0
"Widiarto,Ingrid",0
"Wiechert,Ernst",171
"Wieland,ChristophMartin",0
"Willigis",0
"Willmann,Klaus",0
"Winkler,Katharina",163
"Winsloe,Christa",0
"Wirz,Mario",0
"Wittmer,Irina",0
"Wittpennig,Susanne",0
"Wolf,Uljana",0
"Wolfgruber,Gernot",0
"Wollscheid,Achim",0
"Wright,Chantal",0
"Wunnicke,Christine",0
"Würzbach,Natascha",0
"York,AliceN.",0
"Yuan,Kanghan",0
"Zach,Bastian",0
"Zand,Herbert",0
"Zauner,FriedrichCh.",0
"Zech,Paul",0
"Zeller,Eva",0
"Zimmer,Anja",0
"Zimny,Margit",0
"Zipperer,Melanie",0
"Zuckmayer,Carl",0
"Hartig,Dieter",0
"Schleyer,JohannMartin",0
"-ky",226
"Alexis,Willibald",0
"Balàka,Bettina",0
"Beer,Natalie",0
"Behr,Hermann",0
"Bergengruen,Werner",181
"Bosse-Sporleder,Maria",0
"Brenner,Wolfgang",156
"Brockmann,Reiner",0
"Burgstedt,Eva",0
"Canal,Annevon",145
"Conrad,Michael",0
"DelleGrazie,MarieEugenie",0
"Dettmann,Lutz",0
"Dümmel,Karsten",145
"Duncker,Dora",0
"Ebert,Holger",0
"Erath,Vinzenz",0
"Fritzsche,Claus",107
"Geißler,HorstWolfram",145
"Grube,Tina",151
"Hering,Elisabeth",107
"Hueck-Dehio,Else",0
"Isherwood,Christopher",0
"Iten,Andreas",0
"Keyserling,Eduardvon",286
"Klas-Glass,Reny",0
"Klinger,FriedrichMaximilianvon",161
"Koskull,Josivon",0
"Krause,Barbara",0
"Kröger,Wolfgang",0
"Kyber,Manfred",141
"Langer,Jiří",0
"Laub,Uwe",0
"Leutenegger,Gertrud",222
"Lükens,Markus",0
"Marschner,Rosemarie",0
"Mondfeld,Wolframzu",0
"Mrasek,KarlNorbert",0
"Mützelburg,Adolf",107
"PelzvonFelinau,Josef",0
"Pezold,Leopold",0
"Platzgumer,Hans",0
"Raid,Robert",0
"Rimpau,Cornelia",136
"Rommel,Alberta",0
"Scheffel,JosephVictorvon",0
"Schneider,Hansjörg",165
"Schönthan,Gabyvon",0
"Schreiter,Helfried",0
"Schröder,Burkhard",0
"Schweiger,Wolfgang",0
"Stoll,HeinrichAlexander",107
"Timmermans,Rudolf",0
"Tralow,Johannes",76
"Vilar,Esther",154
"Wagner,HeikeK.",0
"Wery,Ernestine",0
"Wiedemann,FerdinandJohann",0
"Winckler,Britta",0
"Wintersteiner,Marianne",0
"Wissmann,DanielDouglas",150
"Adam,Gabi",0
"Augustin,Eduard",78
"Berg,Balthasar",0
"Bloch,Robert",140
"Bolinder,Jean",0
"Brasch,Marion",0
"Eilenberger,Wolfram",0
"Gerlof,Kathrin",0
"Gruber,Sabine",141
"Haak,Rainer",105
"Hahn,AnnaKatharina",0
"Herzog,Rudolf",0
"Herzog,Werner",0
"Hielscher,Juliane",0
"Horster,Hans-Ulrich",122
"Jäger,Katja",0
"Janosch",104
"Kröber,Hans-Ludwig",0
"Krötz,Melanie",140
"Kuntz,Mark",0
"Lahtela,Silvo",140
"Martin,Hansjörg",0
"Mehr,Mariella",260
"Molnar,Adolf",0
"Moster,Stefan",0
"Müller-Nienstedt,Irma",105
"Musharbash,Yassin",0
"Oskamp,Katja",0
"Pawelzik,Fritz",0
"Schlegel,Friedrichvon",144
"Schmid,Christophvon",213
"Spitteler,Carl",147
"Tuomainen,Antti",0
"Voss,Richard",105
"Adorno,TheodorW.",0
"Alberts,Jürgen",0
"Améry,Jean",0
"Andeck,Mara",0
"Astel,Arnfrid",0
"Atabay,Cyrus",0
"Bachmann,Dieter",0
"Bardon,Franz",0
"Bauer,Alfredo",0
"Baumm,Stefanie",0
"Beaulieu,Jonathan",0
"Béchar,Christine",0
"Becher,Ulrich",0
"Becker,Thorsten",0
"Begert,Roland",0
"Berenz,Björn",0
"Berg,Eric",0
"Berger,Lore",0
"Beyer,Claire",0
"Beyse,Jochen",0
"Bichsel,Peter",259
"Bichsel,Therese",0
"Bienek,GustavKarl",0
"Bilse,FritzOswald",0
"Bondy,Luc",0
"Boysen,Margret",0
"Brandes,Silke",0
"Bringolf,HansOrmund",0
"Brun,H.S.",0
"Buber-Neumann,Margarete",0
"Buch,HansChristoph",0
"Buhl,Marc",0
"Bülow,Katharinavon",0
"Burger,Hermann",0
"Burger,Lisbeth",0
"Büscher,Wolfgang",0
"Caradec,Odile",0
"Clausen,Murmel",0
"Clément,Frédéric",0
"Crauer,Pil",0
"Cremer,Marcel",125
"Czernin,FranzJosef",0
"Dalos,György",0
"Dean,MartinR.",0
"Demski,Eva",0
"Deprez,Olivier",0
"Derleth,Ludwig",0
"Drawert,Kurt",242
"Dribbusch,Barbara",0
"Edschmid,Ulrike",0
"Egger,Oswald",125
"Eigner,Gerd-Peter",0
"Einstein,Carl",0
"Elsberg,Marc",0
"Elskamp,Max",0
"Erbes,Volker",0
"Ernst,Max",0
"Fehrs,JohannHinrich",0
"Finckh,Renate",0
"Flake,Otto",0
"Föhr,Andreas",121
"Forte,Dieter",0
"Franz,Aisha",0
"Frey,AlexanderM.",0
"Frey,Eleonore",4
"Freysinger,Oskar",0
"Fries,FritzRudolf",0
"Fritz,WalterHelmut",0
"Fröhlich,Alexandra",0
"Fürstenberg,Paula",0
"Gabelentz,Georgvonder",0
"Galgóczy-Mécher,Violade",0
"Gallinge,Edeltraut",125
"Gansner,HansPeter",0
"Gardosch,Peter",0
"Geiger,CarlIgnaz",0
"Gerstenberg,HeinrichWilhelmvon",0
"Ǧibrān,ǦibrānḪalīl",0
"Glaser,Brigitte",0
"Glaser,GeorgK.",0
"Goyke,Frank",0
"Gräf,DieterM.",125
"Graf,Roman",122
"Grillparzer,Franz",170
"Groddeck,Georg",0
"Grote,Paul",0
"Gruenter,Undine",0
"Guggenheim,Alexandra",0
"Gulden,Alfred",0
"Habe,Hans",0
"Hacks,Peter",0
"Häfner,Eberhard",0
"Hammerschmitt,Marcus",0
"Hänny,Reto",0
"Hasenclever,Walter",0
"Hauer,Gerhard",0
"Haupt,Werner",0
"Hausmann,Raoul",0
"Heidenreich,Gert",0
"Heim,Peter",0
"Heinemann,Ilka",0
"Heinrich,Willi",0
"Herbst,AlbanNikolai",125
"Hermann,Georg",0
"Herrschel,Michael",0
"Herzberg,Julianna",0
"Hillebrand,Bruno",0
"Hilling,Anja",0
"Hofstätter,Jakob",0
"Höll,Wolfram",0
"Holz,Arno",141
"Houellebecq,Michel",0
"Huelsenbeck,Richard",0
"Huillet,Danièle",0
"Huonder,Silvio",0
"Hutmacher,Rahel",0
"Ikonnikov,Aleksandr",0
"Inglin,Meinrad",0
"Innerhofer,Franz",0
"Ins,Jürgvon",0
"Jäckle,Nina",0
"Jellinek,Oskar",0
"Jensen,Wilhelm",0
"Jerger-Bachmann,Ilona",0
"Johansen,Hanna",0
"Jung,Franz",0
"Jung,Jochen",0
"Kaiser,Gunnar",0
"Kalisa,Karin",26
"Kant,Hermann",0
"Karge,Manfred",0
"Karpf,Urs",0
"Kastura,Thomas",0
"Keller,Philipp",0
"Kern,Alfred",0
"Kern,Elfriede",0
"Kesten,Hermann",0
"Kieseritzky,Ingomarvon",79
"Kirchhofer,Markus",0
"Kirsten,Wulf",125
"Kling,Thomas",128
"Klingemann,ErnstAugustFriedrich",130
"Klümper,GüntherF.",0
"Kneifl,Edith",0
"Koch,Erwin",0
"Koebeli,Markus",0
"Koepke,Harry",0
"Kofmehl,Damaris",0
"Kolbenhoff,Walter",0
"Körber,Joachim",0
"Kraus,Chris",0
"Krause,Thilo",0
"Krauß,Angela",0
"Kreller,Susan",0
"Kress-Fricke,Regine",0
"Kricheldorf,Rebekka",125
"Kristiansen,Ole",0
"Kroeger,Theodor",0
"Kromarek,Michael",0
"Krüger,Horst",0
"Küchenmeister,Nadja",0
"Kuczynski,Rita",0
"Kuh,Anton",0
"Kühn,Johannes",0
"Kurzeck,Peter",0
"Lang,Fritz",0
"Langer,Tanja",150
"Langhoff,Anna",0
"Latzko,Andreas",0
"Lebert,Hans",0
"Lentz,Michael",0
"Lewald,Fanny",0
"Liebmann,Irina",0
"Liehr,Tom",0
"Link,Michaela",0
"Lodemann,Jürgen",0
"Löffler,Hans",0
"Lott,Sylvia",0
"Lukas,Elisabeth",0
"Mann,Erika",0
"Mann,Sunil",0
"Marx,Karl",0
"Mathioudakis,ZachariasG.",0
"Matsubara,Hisako",0
"Matt,Petervon",0
"Maybach,Katja",0
"Meidner,Ludwig",0
"Meier,Angelika",0
"Meier,Gisela",0
"Meier,Helen",0
"Merle,Robert",0
"Mesa,Paul",0
"Messner,Elena",0
"Meyer,E.Y.",125
"Meyer,Thomas",0
"MeyerzuDüttingdorf,Hans",0
"Micieli,Francesco",125
"Millesi,Hanno",0
"Mingels,Annette",0
"Mohnnau,RalphGünther",125
"Monioudis,Perikles",0
"Morell,Leon",0
"Morgenstern,Soma",0
"Möwes,Heinrich",0
"Moy,Johannes",0
"Mucker-Frimmel,Gerda",0
"Muhr,Ursula",0
"Müller,Nicole",0
"Müller,Raphael",0
"Naters,Elke",0
"Neubauer,Nicole",0
"Neumann,Gert",0
"Nizon,Paul",0
"Nolte,Jakob",0
"Nöstlinger,Christine",0
"Notz,Werner",0
"Novak,HelgaM.",0
"Oppenheim,Meret",126
"Ostertag,Silvia",0
"Paillasse,Pierre",0
"Panizza,Oskar",0
"Pestalozzi,JohannHeinrich",0
"Petzold,Alfons",0
"Placzek,AdolfK.",0
"Plievier,Theodor",112
"Poritzky,JakobE.",0
"Porr,Bente",0
"Priessnitz,Reinhard",0
"Prosch,Peter",0
"Razumovsky,Dorothea",0
"Regler,Gustav",0
"Remin,Nicolas",0
"Reschke,Karin",0
"Reventlow,Franziskazu",0
"Ringena,Hanna",0
"Rohner,Werner",0
"Rosenlöcher,Thomas",0
"Rudolph,Claudia",0
"Sahl,Hans",125
"Salice-Contessa,CarlWilhelm",0
"Saller,Tom",0
"Salomon,Ernstvon",0
"Sambeth,Jörg",0
"Scharrer,Adam",0
"Schaub,Urs",0
"Scheer,Karl-Herbert",0
"Scheerer,Jana",0
"Scherer,Marie-Luise",0
"Schiele,Egon",0
"Schleef,Einar",0
"Schlesinger,Klaus",0
"Schmid,JohannChristophvon",0
"Schneider,Simone",0
"Schorlau,Wolfgang",0
"Schramm,Godehard",0
"Schriber,Margrit",131
"Schulz,Hermann",0
"Schuré,Édouard",0
"Schweikert,Ruth",0
"Seebacher,Katrin",0
"Siefener,Michael",0
"Siepen,Stefanausdem",85
"Simon,Christoph",0
"Slupetzky,Stefan",0
"Soboczynski,Adam",0
"Sophocles",0
"Sowa,ReinerM.",0
"Sparschuh,Jens",0
"Späth,Gerold",0
"Stalder,Heinz",0
"Stecher,Reinhold",0
"Steiger,Otto",113
"Steimann,Flavio",0
"Stein,Peter",0
"Steinberger,Emil",0
"Steinberger,Niccel",0
"Steiner,Jens",0
"Steiner,Jörg",0
"Steinfest,Heinrich",0
"Sternberg,Emma",0
"Sternheim,Carl",123
"Stricker,Sarah",0
"Strittmatter,Eva",0
"Surminski,Arno",257
"ThếDũng",0
"Thomas,Adrienne",0
"Todisco,Vincenzo",0
"Toskani,Anina",0
"Treichler,Rudolf",0
"Treller,Franz",0
"Trolle,Lothar",0
"Tuckermann,Anja",0
"Uebel,Tina",0
"Uhlman,Fred",0
"Ulrici,Rolf",0
"Unruh,Fritzvon",0
"Valentin,Karl",0
"Vetere,Mischa",0
"Wajsbrot,Cécile",0
"Weckmann,André",0
"Weerth,Georg",0
"Weidenfeld,Nathalie",0
"Weininger,Otto",0
"Weiss,Philipp",0
"Wickram,Jörg",0
"Wieners,Annette",0
"Wilhelm,Hans",0
"Wißkirchen,Hans",0
"Wittstock,Erwin",0
"Witzel,Frank",0
"Wolf,Julia",0
"Wühr,Paul",125
"Zeise,Franz",0
"Zeiz,AugustHermann",0
"Zelter,Joachim",0
"Zimmermann,Katharina",0
"Zischler,Hanns",0
"Zitelmann,Arnulf",0
"Zschokke,Matthias",0
"Christiansen-Simons,Momme",0
"Hoerschelmann,Fredvon",0
"Strasser,Johano",0
"Weber,Ilse",0
"Margwelaschwili,Giwi",0
"Niederle,HelmuthA.",0
"Soyfer,Jura",55
"Steinwendtner,Brita",0
"Stewner,Tanya",0
"Stingl,Günther",0
"Abbott,David",0
"AdamsRichards,David",0
"Adlhoch,Christine",0
"Ahern,Cecelia",0
"Ahlborn,SiegfriedHeinz-Jürgen",0
"Aichelburg,Wolfvon",0
"Aichmayr,Michael",0
"Alioth,Gabrielle",0
"Anderka,Johanna",0
"Arnim,MaryAnnettevon",0
"Austen,Jane",0
"Bänsch,Dieter",0
"Bardéz,Roberto",0
"Barnes,Keith",0
"Barth,Peter",0
"Bau,Holger",0
"Bauer,Katharina",0
"Baume,Sara",0
"Becker,Jürgen",0
"Becker,MarthaEllen",0
"BeckerAlvarez,Nora",0
"Beethoven,Ludwigvan",0
"Benioff,David",0
"Bentivegni,Inavon",0
"Berg,Eva-Maria",0
"Bergmann,Brigitte",0
"Bettermann,Stella",0
"Beuß,Barbara",0
"Bewersdorff-Langlotz,Eva-Saskia",0
"Biberger,ErichLudwig",0
"Bischoff,Friedrich",0
"Blauhut,Holger",0
"Bodmershof,Imma",0
"Borra,Antonello",0
"Boura,Ewa",0
"Bourne,Sam",0
"Brasch,Thomas",105
"Brätter,Peter",0
"Braumann,Franz",0
"Briggs,Patricia",0
"Brincken,Gertrudvonden",0
"Brown,Sandra",0
"Brussolo,Serge",0
"Bucay,Jorge",0
"Buck,Inge",0
"Buder,Johan",0
"Bund,Edgard",0
"Burnicki,Ralf",0
"Byrne,Kerrigan",0
"Č'k'vanava,Gela",0
"Can,Safiye",0
"Carr,Robyn",0
"Cesaro,Ingo",0
"Challis,Sarah",0
"Chandler,Raymond",0
"Chobot,Manfred",0
"Chomley,Antje",0
"Christie,Agatha",0
"Clements,Rory",0
"Collins,Wilkie",0
"Conrad,Joseph",0
"Conradi,Hermann",0
"Cordes-Vollert,Doris",0
"Cott,GeorgOswald",0
"Cumart,Nevfel",0
"Currey,Mason",0
"D'Erceville,Danielė",0
"Daive,Jean",0
"DalPoggetto,Manuela",0
"Daly,Leo",0
"Däubler,Theodor",0
"David,Ernst",0
"Decar,Michel",0
"Demuth,Volker",0
"Déry,Tibor",0
"Dick,Uwe",0
"Dickow,Barbara",0
"Diehl,Andreas",0
"Dischereit,Esther",0
"Domašcyna,Róža",0
"Dostojewskij,FjodorM.",0
"Doyle,ArthurConan",0
"Draesner,Ulrike",95
"Dreiske,Hans-Herbert",0
"Duhm,Heltrud",0
"Eastland,Sam",0
"Eliot,T.S.",0
"Eners,W.I.",0
"Ephrussi,Elisabethvon",0
"Erkel,Ferenc",0
"Erpenbeck,Charlotte",0
"Ettl,PeterJeremy",0
"Fallon,Jennifer",0
"Fankhauser,JürgM.",0
"Faschon,Susanne",0
"Federmair,Leopold",0
"Feehan,Christine",0
"Felix,D.S.",0
"Fiebig,Gerald",0
"Fiechtner,UrsM.",0
"Fletcher,Adam",0
"Flint,Sarah",0
"Flynn,Gillian",0
"Forster,E.M.",0
"Frank,Martin",0
"Franke,Ruth",0
"French,Tana",0
"Gaiman,Neil",0
"Gary,Romain",0
"Gaugler-Straumann,Barbara",0
"Gehrisch,Peter",84
"Gellert,ChristianFürchtegott",84
"Gellhaus,Axel",0
"Girón,Manuel",0
"Glen,Joanna",0
"Godberg,Greta",0
"Gomringer,Eugen",0
"Gonserowski,Annette",0
"Göritz,Matthias",55
"Gradl,Christine",0
"Green,SimonR.",0
"Greif,Martin",0
"Griesbach,Corinna",0
"Griffiths,Sharon",0
"Grotjahn,Friedrich",0
"Grüneberger,Ralph",0
"Gutschmid,Eugenvon",0
"Häfner,Guido",0
"Hájíček,Jiří",0
"Hall,Constance",0
"Halter,Jürg",95
"Händl,Klaus",84
"Harvey,Sarah",0
"Haus,Heinz-Uwe",0
"Hees,Karin",0
"Hehl,Walter",0
"Heimes,Silke",0
"Hein,ManfredPeter",0
"Heinrich,RichardW.",0
"HeinzedeLorenzo,Ursula",0
"Hemau,Gisela",0
"Hemingway,Ernest",0
"Herbert,Heinz",0
"Hersch-Tausky,Daniela",0
"Hildebrandt,Irma",0
"Hille,UlrikeMarie",0
"Hilscher,Eberhard",84
"Hoffman,Jilliane",0
"Hoffmann,Anna",0
"Hoffmann,Reinhold",0
"Holtei,Karlvon",0
"Horowitz,Anthony",0
"Huber,Klaus",0
"Hültner,Robert",95
"James,Eloisa",0
"James,Peter",0
"Jensen,Nils",0
"Jung,Peter",0
"Jünger,FriedrichGeorg",69
"Jussen,Heinz",0
"Kahlert,August",0
"Kaléko,Mascha",104
"Kanduth,Gerard",0
"Kapielski,Thomas",0
"Kehle,Matthias",0
"Keil,ChristinaE.",0
"Kessler,Klaus",0
"Keßner,Andreas",0
"Kiefer,Reinhard",0
"Kinzelmann,Dietlind",0
"Kirchner,Katrin",0
"Klaushofer,Roswitha",0
"Kluge,Karlheinz",0
"Kneip,Matthias",84
"Knopp,Thomas",0
"Kolb,Rüdiger",0
"Kolb,Ulrike",0
"Koppelkamm,Stefan",0
"Koß,Bert",0
"Köttner-Benigni,Klara",0
"Kramer,Theodor",0
"Kraus,Ivan",0
"Kraus,Rudolf",0
"Krebs,Gérard",0
"Krenek,Ernst",0
"Kropp,Jürgen",0
"Kruse,Sigrid",0
"Kuhligk,Björn",0
"Kuhn,Horst",0
"Kumar,Anant",0
"Kuppel,Gotthart",0
"Kureishi,Hanif",0
"Lain,Tara",0
"Lantos,Titus",0
"Larionov,Denis",0
"Larson,R.J.",0
"Lasonchyk,R.",0
"Laupus,Monika",0
"Leach,Roger",0
"Lederer,Joe",0
"Lee,Edward",0
"Leman,Susanne",0
"Leon,Donna",0
"Lepka,GregorM.",0
"Leynaud,René",0
"Lichtenstein,Alfred",0
"Liebetreu,Donald",0
"Liersch,Hendrik",0
"Lindemann,Bernd",0
"Löhle,Philipp",104
"Loosli,Ruth",0
"Lorenc,Kito",0
"Löschner,Irmgard",0
"MacNeill,Alastair",0
"Maier,Kathrin",0
"Maiwald,Peter",0
"Mara,Ulrike",0
"Markarēs,Petros",0
"Martin,Tom",0
"Materni,Undine",0
"Maupassant,Guyde",0
"Mayer,Lisa",0
"Mayer,Ralo",0
"Mazzi,Lisa",0
"McCay,Bill",0
"McDevitt,Jack",0
"Melzer-Geissler,Elisabeth",0
"Messmer,Susanne",0
"Meyer-Götz,Heinrich",0
"Meyer,Deon",0
"Miller,Rebecca",0
"Mintrop,Theodor",0
"Mirtse,Agnes",0
"Molzer,Kurt",0
"Monk,Radjo",0
"Morrison,Arthur",0
"Morrissey,Di",0
"Mousli,Lunaal-",0
"Mückain,Johanna",0
"Müller-Walter,Doris",0
"Müller,Armin",84
"Müller,Gert",0
"Müller,Katharina",0
"Müllner,Adolph",0
"Murnau,RichardF.",0
"Neumann,Walter",0
"Nickel,Artur",0
"Nielsen,FredericW.",0
"Nikolʹska,Mėri",0
"Noll,Wulf",0
"Norris,Sigrid",0
"O'Connor,Joseph",0
"Oates,JoyceCarol",0
"Odelga,Ingeborg",0
"Orczy,Emmuska",0
"Otten,WillemJ.",0
"OvidiusNaso,Publius",0
"Parise,ClaudiaC.",0
"Peaston,Angelika",0
"Pessoa,Fernando",0
"Peter,MariaW.",0
"Petersmann,Konstanze",0
"Petit,Chris",0
"Pfeifer,Tadeus",0
"Phillips,SusanElizabeth",0
"Pietraß,Richard",56
"Pill,Harry",0
"Pinthus,Kurt",0
"Poethen,Johannes",96
"Pohl,Hertha",0
"Praetorius,Johannes",0
"Rachowski,Utz",84
"Rajah,Susi",0
"Ramnek,Hugo",0
"Ramos,Graciliano",0
"Rankin,Ian",0
"Rau,Milo",0
"Rautenberg,Arne",0
"Rechberger,Rainer",0
"Regensburger,Annemarie",0
"Regoli,Uta",0
"Reiche,Claudia",0
"Reichmann,Vilém",0
"Reisdorf,TheodorJ.",0
"Ribas,Rosa",0
"Ribeiro,MarcosA.P.",0
"Richler,Mordecai",0
"Robbins,Tom",0
"Roland,Oliver",0
"Rolf,Antonia",0
"Rosenfeld,Ruth",0
"Roth,Eugen",0
"Rother,Alfred",0
"Rücker,PeterE.",0
"Rückert,Friedrich",0
"Rudolph,Frank",0
"Rusch,Sheldon",0
"RussoKarcher,Nina",0
"Saillo,Ouarda",0
"Samur-Kajin",0
"Saurer,Andreas",0
"Schaffer,Ulrich",0
"Schawerda,Elisabeth",0
"Schenkel,Elmar",0
"Schernikau,MichaelRasmus",0
"Schlevogt,PierreChristophe",0
"Schmidgall,Renate",0
"Schnetz,WolfPeter",0
"Schnyder,Monika",0
"Scholz-Amoulong,Sieglinde",0
"Schroeder,Ulla",0
"Schuster,UteAnneMarie",0
"Schütz,Stefan",0
"Schwarz,Annelies",0
"Schwarz,Hans-Erich",0
"Scott,Michael",0
"Seidel,Dieter",0
"Seifert,Ilja",0
"Sela,Petra",0
"Şerban,Robert",0
"Shakespeare,William",0
"Sigg,Helmi",0
"Simon,Claus",0
"Sofronieva,Tzveta",0
"Sommer,Edith",0
"Somplatzki,Herbert",0
"Soumagne,Ludwig",0
"Splitt,Peter",0
"Stadler,Ernst",120
"Stange,Gerda",0
"Stein,Gerhard",0
"Stein,Johanna",0
"Steinriede,Rosemarie",0
"Steinweg,Marcus",0
"Stejn,Karl",0
"Stephan-Kühn,Freya",0
"Stocker,Darja",0
"Stojka,Ceija",0
"Stroheker,Tina",0
"Strugalla,Johannes",0
"Sullivan,MarkT.",0
"Sullivan,MichaelJ.",0
"Surra,Kerstin",0
"Sutcliff,Rosemary",0
"Sutzkever,Abraham",0
"Swift,Jonathan",0
"Syha,Ulrike",0
"Tänzer,Gerhard",0
"Taufiq,Suleman",0
"Techet,Carl",0
"Tegetthoff,Folke",0
"Telek,Nazif",0
"Thomas,Helga",0
"Thompson,Carlene",0
"Trelenberg,Thorsten",0
"Troll,Thaddäus",0
"Tropper,Jonathan",0
"Twining,James",0
"Uhland,Ludwig",0
"Urweider,Raphael",0
"Uzun,Kamil",0
"VanWinkle,Ryan",0
"Viehweg,Frank",0
"Vila-Matas,Enrique",0
"Völker,Peter",0
"Vyoral,Hannes",0
"Wackenroder,WilhelmHeinrich",114
"Walke,Susan",0
"Wandeler-Deck,Elisabeth",0
"Wawrzyniak,Zdzisław",0
"Weber,CarlMariavon",0
"Wehrli,PeterK.",0
"Welskopf-Henrich,Liselotte",0
"Wendt,Albert",0
"Wenzel,Hans-Eckardt",0
"Werner,Heinz",0
"Werth,Babette",0
"Whitehill,RobertBlake",0
"Wieland,Ursula",0
"Wolf,Hugo",0
"Wolfensberger,William",0
"Wood,Barbara",0
"Wüster,Jakob",0
"Wustmann,Gerrit",0
"Zieger,Ulrich",0
"Zils,Diethard",0
"Funke,Cornelia",0
"Arendt,Hannah",108
"Augustin,Michael",0
"Bauer,Angeline",0
"Böttcher,Sven",0
"Chatzētzanu-Baltcharnt,Elenē",0
"Cormann,Marte",0
"Dirks,Liane",0
"Ditfurth,Jutta",0
"Dobelli,Rolf",47
"Droste,Gabriele",0
"Hermlin,Stephan",0
"Kertész,Imre",0
"Köhler,Barbara",0
"Kohout,Pavel",0
"Lotz,Wolfram",0
"Meyer-Steineg,Theodor",0
"Neumann,Ronnith",0
"Noll,Dieter",0
"Schönherr,Karl",0
"Schuhmann,Elisabeth",0
"Schulenburg,Wernervonder",0
"Schulz,Tom",0
"Schwaiger,Brigitte",0
"Schweikert,Ulrike",0
"Torossi,Eleni",0
"Tsokos,Michael",0
"Wollinger,Thomas",0
"Abel,Winnie",0
"Anzengruber,Ludwig",0
"Appel,Jörg",0
"Bauer,Dieter",0
"Binder,Wolfgang",0
"Cavazzini,Christiane",0
"Drössler,Sabine",0
"Gmür,Reto",0
"Jerofke,BerndKlaus",0
"Kietzke,Bernd",0
"Knittermeier,Frank",0
"Müller,Günther",0
"Röhricht,Martina",0
"Schimmel,Hans",0
"Schmidt,Helmut",0
"Segler,Tina",0
"Sperling,Rolf",0
"Spies,Heidi",0
"Wening,Andreas",0
"Wittmann,Dominik",0
"Woop,Reiner",0
"Worms,Martina",0
"Abraham,FiloM.",0
"Bremer,JanPeter",118
"Döry,Ruth",0
"Edel,Rabea",0
"Fechenbach,Felix",0
"Giordano,Ralph",75
"Hessing,Jakob",0
"Keller,Volker",0
"Kien,Peter",0
"Lavee,Ingrid",0
"Lorenz-Lindemann,Karin",0
"Regnier,Anatol",0
"Sad,Yaʿaqov",0
"Stephani,Claus",0
"Albaneze,Bruna",0
"Bolliger,Max",0
"Bozikovic,Michel",0
"Bremer,Alida",37
"Busch,Oskar",0
"Dornbrach,ʿAbdullâhH.",0
"Erath,Irmgard",0
"Eschker,Wolfgang",0
"Fleming,Sebastian",0
"Forstmaier,Rosemarie",0
"Gabriele",0
"Ganghofer,Ludwig",0
"Gauß,Karl-Markus",0
"Hensel,Klaus",0
"Herman,Nicolas",0
"JelačićvonBužim,Josef",0
"Keiderling,Christel",0
"Kelter,Jochen",58
"Kobialka,Martin",0
"Krieger,Walter",0
"Kristl,Vlado",0
"Lefèvre,Pierre",0
"Lehner,Angela",0
"Marinić,Jagoda",0
"Nawrat,Matthias",0
"Perkman,Ljubica",0
"Sacher-Masoch,Alexandervon",0
"Schulz-Reiss,Christine",0
"Sorge,ReinhardJohannes",0
"Thode,Henry",0
"Weiser,Franz",143
"Wiesenthal,Simon",0
"Wieser,Lojze",0
"Skala,Jan",0
"Abeln,Reinhard",0
"Ablaß,WernerE.",0
"Andersson,LeifLasse",0
"Arnau,Frank",0
"Baldauf,Paul",0
"Baldermann,Ingo",0
"Bärend,Irmhild",0
"Bartsch,Carina",0
"Bauer,GerhardM.",0
"Benesch,Kurt",0
"Bergel,Hans",102
"Braunburg,Rudolf",0
"Brentano,Clemens",0
"Butschkow,Ralf",0
"Carroll,Phyllis",0
"Dahlke,Rüdiger",0
"Darlton,Clark",0
"Deighton,Len",0
"DelMonego,Markus",0
"Doma,Akos",0
"Ellert,Gerhart",0
"Engel,Georg",0
"Ernst,Susanna",0
"Fabel,Renate",0
"Fabian,Sandra",0
"Fian,Antonio",0
"Fohn,Julius",0
"Fontana,AnnaCarlot",0
"Frankl,ViktorE.",0
"Frenzel,Claudia",0
"Friedell,Egon",0
"Friedman,Michel",0
"Fritsch,Gerhard",0
"Gorʹkij,Maksim",0
"Görres,IdaFriederike",0
"Günther,Agnes",0
"Hankó,László",0
"Hartung,Hugo",0
"Haushofer,Albrecht",0
"Heimburg,Wilhelmine",0
"Herbeck,Ernst",0
"Hilgendorff,Hermann",90
"Hodjak,Franz",0
"Hofmann,MariaGeorg",0
"Holl,Stefan",0
"Holland,Katrin",0
"Horwege,Wilfried",0
"Hoßfeld,Dagmar",0
"Huss,Frank",0
"Janetschek,Ottokar",0
"Katz,Richard",0
"Kiafas,Giorgos",0
"Kilian,Klaus",0
"Koenig,AlmaJohanna",0
"König,Friedhelm",0
"Kornauer,Paul",0
"Körner-Armbruster,AngelaMaria",0
"Krane,Annavon",103
"Kubitschek,RuthMaria",0
"Küppers,Topsy",0
"Kürschner,Liza",0
"Langer,Eddy",0
"Laube,Sigrid",0
"Lippet,Johann",0
"MacIntosh,Margo",0
"Malade,Theo",0
"Mania,Hubert",96
"Marten,Helena",0
"Maxian,Beate",0
"Mikula,Valentin",0
"Molden,Hanna",0
"Morgan,Kathleen",0
"Müller-Bohn,Jost",0
"Murray,Fiona",0
"Nemeskéri-Kiss,Géza",0
"Nick,Dagmar",0
"Oberthür,Irene",0
"Obexer,Margareth",0
"Paetzke,Hans-Henning",0
"PálffyvonErdöd,Paul",0
"Pethrus,Lewi",0
"Piano,Ellen",0
"Pietsch,Nikolaus",0
"Reimer,Elisabeth",0
"Reimer,Johannes",112
"Richter,Joseph",0
"Rode,Axel",0
"Roßbacher,Verena",0
"Rothfuss,Uli",0
"Sand,Julia",103
"Schacht,Andrea",116
"Schmidt-Eller,Berta",0
"Schmidt-Schell,Erich",0
"Schmuckler,Alon",0
"Schneider,Helge",0
"Schuster,Karl",0
"Schwarz,Andrea",0
"SenarclensdeGrancy,Evelin",0
"Sobota,Heinz",0
"Sperr,Martin",0
"Steel,Danielle",0
"Stöcker,Monika-Maria",0
"Stöckl,WernerG.H.",0
"Streit,Jakob",0
"Stürzer,Anja",51
"Thoma,Ludwig",133
"Thomas-Wory,Sigmund",0
"Tornius,Valerian",0
"Vérollet,Mischae͏̈l-Sarim",0
"Viragh,Christina",0
"Weidenheim,Johannes",0
"Wienbruch,Anny",0
"Wittenwiler,Heinrich",0
"Wothe,Anny",0
"Wulf,Berthold",0
"Kui,Alexandra",0
"Randt,Leif",0
"Achleitner,Friedrich",0
"Ackermann,Rolf",0
"Adler,Katharina",0
"Andres,Stefan",134
"Arenz,Ewald",0
"Bacher,Josef",0
"Bachofen,JohannJakob",0
"Bahr,Hermann",0
"Baum,Oskar",0
"Bertolade'Giorgi,Aurelio",0
"Borchardt,Rudolf",0
"Brandt,Matthias",0
"Breitenbach,Roland",0
"Brosi,Patrick",0
"Buhmann,Horst",0
"Buslau,Oliver",0
"Camartin,Iso",0
"Carlotto,Massimo",0
"Czechowski,Heinz",0
"DiFulvio,Luca",0
"Doppagne,Brigitte",0
"Eichinger,Rosemarie",0
"Einzlkind",0
"Engel,Kathinka",0
"Erler,Lukas",0
"Federer,Heinrich",0
"Fleming,Griseldis",0
"Flöss,Helene",0
"Fölck,Romy",0
"Fries,JakobFriedrich",0
"Frisé,Adolf",0
"Fritsche,Markus",0
"Gatza,Mathias",0
"Gerdom,Susanne",0
"Girst,Thomas",0
"Goebbels,Joseph",0
"Goga-Klinkenberg,Susanne",0
"Graf-Riemann,Lisa",0
"Graf,Lisa",0
"Grün,Anselm",0
"Gutl,Martin",0
"Harbou,Theavon",0
"Harksen,VerenaCharlotte",0
"Hartlaub,Felix",0
"Hartung,Harald",0
"Heiseler,Henryvon",0
"Hellmann,Alfred",0
"Henke,Sandra",133
"HennigvonLange,Alexa",0
"Henscheid,Regina",0
"Hensel,Jana",0
"Hofer,Bernhard",0
"Jacobi,FriedrichHeinrich",0
"Janesch,Sabrina",0
"Jankowski,Martin",0
"Jary,Micaela",0
"Jerger,Ilona",0
"Johannson,Lena",0
"Kara,Yadé",0
"Karr,Hanns-Peter",0
"Kaser,NorbertC.",0
"Kassner,Rudolf",0
"Kastel,Michaela",0
"Kendrick,Sophie",0
"Kerényi,Karl",0
"Kloss,Helmar",0
"Kneidl,Laura",0
"Koppelstätter,Lenz",0
"Korn,Carmen",0
"Koschyk,Heike",0
"Kretzen,Friederike",0
"Kühn,Oliver",0
"Lendle,Jo",0
"Lerchenwald,Johann",0
"Leu,HansJörg",0
"Levensohn,Melanie",0
"Liebeskind,AugustJacob",0
"Loos,CécileInes",0
"Lothar,Ernst",0
"Lucadou,Juliavon",0
"Lupi,Nina",0
"Lüscher,Max",0
"Malkowski,Rainer",0
"Mann,Thomas,,1875-1955",0
"Martin,AdrianWolfgang",0
"Mauriņa,Zenta",0
"McClean,Katrin",174
"Mechtel,Angelika",110
"Merino,Sina",0
"Milch-Sheriff,Ella",0
"Molling,Herlinde",0
"Monferat,Benjamin",0
"Montecrossa,Michel",0
"Morsbach,Petra",56
"Moster,Andreas",0
"Nagel,Rolf",0
"Nagele,Andrea",0
"Nestroy,Johann",53
"Neumeister,Christoff",0
"Niebuhr,BartholdGeorg",0
"Nikolai,Maria",0
"Noske,Edgar",0
"Person,Jutta",0
"Plischke,Thomas",0
"Popescu,Adriana",0
"Quilt,Linda",0
"Raschke,Martin",0
"Reategui,Petra",0
"Reitz,Edgar",0
"Renk,Ulrike",0
"Reski,Petra",0
"Reuter,Christian",0
"Revedin,Jana",0
"Roth,Charlotte",0
"Roth,Silvia",0
"Rottensteiner,Anna",0
"Sanzo,Francesco",0
"Schlieper,Andreas",0
"Schmitz,Ralf",0
"Schneider,Reinhold",0
"Schoch,Julia",0
"Scholem,Gershom",0
"Schwarz,Michaela",0
"Sellin,Birger",0
"Seydlitz,Lisa-Maria",0
"Simmons,Charles",0
"Speyer,Wilhelm",0
"Staguhn,Gerhard",0
"Steinitz,Petervon",0
"Stoehr,Susanne",0
"Thies,KlausJohannes",0
"Thor,Katharina",0
"Trenker,Luis",0
"Tumler,Franz",0
"Ungerer,Tomi",0
"Vermalle,Caroline",0
"Vetsch,Urs",0
"Vilshöfer,Claudia",0
"Voß,Tina",0
"Walter,Patricia",0
"Waters,Joe",0
"Weise,Christian",0
"Widmer,Samuel",0
"Wieland,Rayk",0
"Wilhelm,Chadia",0
"Wilms,Anila",0
"Winter,Judith",0
"Witzko,Karl-Heinz",0
"Wohl,Louisde",123
"Wolf,Ror",0
"Wolff,Freda",0
"Wolff,KarlFelix",0
"Wondratschek,Wolf",89
"Yeşilöz,Yusuf",0
"Zeiner,Monika",0
"Zoderer,Joseph",0
"Bachmann,Ingeborg,1926-1973",0
"Bauer,JosefMartin,1901-1970",0
"Beer-Hofmann,Richard,1866-1945",0
"Brendt,Peter",0
"Busch,Petra",0
"Buson",0
"Carossa,Hans",0
"Celan,Paul,1920-1970",0
"Chargaff,Erwin",0
"Darlton,Clark,1920-",0
"Decker,Kerstin",0
"Drvenkar,Zoran,1967-",0
"Dürrenmatt,Friedrich,1921-1990",0
"Ewers,H.G.",0
"Ewers,H.G.,1930-",0
"Fischart,Johann",0
"Francis,H.G.",0
"Franck,Julia,1970-",0
"Freund,Peter",0
"Furanshisu,H.G.",0
"Gernhardt,Robert",0
"Griese,Peter",0
"Gritzmann,Peter",0
"Günther,Ernst",0
"Heinrich,Jutta",0
"Hermann,Judith,1970-",0
"Hesse,Hermann,1877-1962",0
"Hocke,GustavRené",0
"Knauer,Sebastian",0
"Kohr,Knud,1966-",0
"Krüger,Renate",0
"Kruse,Ingeborg",0
"Kühn,Johannes,1934-",0
"Laukhard,FriedrichChristian",0
"Lenz,Siegfried,1926-",0
"Leutenegger,Gertrud,1948-",0
"Mahr,Kurt",0
"Martini,Christiane",0
"Meyer,Clemens,1977-",0
"Müller,Herta,1953-",0
"Pauli,Johannes",0
"Pollesch,René",0
"Pötzsch,Oliver,1970-",0
"Roche,Charlotte,1978-",0
"Saitō,Hisao",0
"Schimmelpfennig,Roland,1967-",0
"Schipper,Dörte,1960-",0
"Seidel,Willy",0
"Siebold,Werner",0
"Spielberg,Christoph",0
"Sturm,Georg",0
"Sydow,Marianne",0
"Terrid,Peter",0
"Tschinag,Galsan,1944-",0
"Vlcek,Ernst,1941-2008",0
"Voltz,William",0
"Volz,William",0
"Wies,ErnstW.",0
"Winkels,Leander",0
"Winter,DetlevG.",0
"Wolf,Christa,1929-2011",0
"Zippert,Hans",0
"Zoderer,Joseph,1935-",0
"Hummel,Eleonora",0
"Ahrens,Renate",0
"ATAK",70
"Bagus,ClaraMaria",0
"Bender,Hans",0
"Bergmann,Renate",0
"Beutelspacher,Albrecht",0
"Bonner,Stefan",0
"Dannhorn,Joung-Ja",0
"Evers,Horst",0
"Fernau,Joachim",0
"Haucke,Ursula",66
"Hock,Kurt",0
"Kneissler,Michael",0
"Kusenberg,Kurt",0
"Leitschuh,MarcusC.",0
"Lerche,Doris",60
"Loriot",0
"Müller,FriedrichMax",0
"Spilling-Nöker,Christa",66
"Weill,Kurt",0
"Winter,Sophie",0
"Arens,Annegrit",0
"Bayer,Thommie",172
"Berije,Levan",0
"Berkow,Karl",0
"Bielenstein,Daniel",0
"Brown,Andrea",0
"Doehnert,Rodica",0
"Eis,Osso",0
"Franke,HerbertW.",88
"Greifeneder,Anke",144
"Grosberg,Oskar",0
"Hain,Paul",0
"Hela,OrtrunBrunhild",0
"Hoffmann,Johanna",0
"Höfler,PollyMaria",0
"Holesch,Ditha",0
"Jonuleit,Anja",0
"Klein,Eduard",0
"Kretz,Ingrid",0
"Kuessner,Lutz",0
"Lange,Fritz",0
"Mahlow,Verena",0
"Manteuffel,PeterZoegevon",0
"Meinshausen,R.Hermann",0
"Merchant,Judith",0
"Panhys,Annyvon",0
"Petery,Constanze",0
"Pfeil,Ellmar",0
"Rönckendorff,Edda",0
"Roosen,Samantha",0
"Schneider,Hanna",0
"Schoder,Sabine",106
"Scholz,Wilhelmvon",0
"Schuster,Gaby",0
"Sommerkamp,Sabine",0
"Spoerl,Heinrich",0
"Šrers,Gustavs",0
"Trott,Magda",0
"Vegesack,Siegfriedvon",0
"Waldis,Burkhard",0
"Weill,Erwin",0
"Zabel,Eugen",102
"Achermann,FranzHeinrich",0
"Bach,Leonie",0
"Balfour,Liz",0
"Berg,Sophie",0
"Birbaek,Michel",0
"Busta,Christine",0
"Claßen,Andrea",0
"Cordonnier,Marie",0
"Cramer,Sofie",0
"Cronenburg,Petravan",0
"Faro,Marlene",0
"Feldhaus,Hans-Jürgen",0
"Frank,Bruno",141
"Günther,Ralf",0
"Hermann,Kai",0
"Joop,Wolfgang",0
"Keyser,Charlotte",0
"Kresswitz,Nina",0
"Lenz,Hermann",141
"Limacher,Roland",0
"Lubitsch,Nika",0
"Mancini,ClaudioMichele",124
"Marcard,Micaelavon",0
"Mielcke,ChristianGottlieb",0
"Mulisch,Harry",0
"Oster,Jutta",124
"Paluch,Andrea",0
"Petersen,Jens",79
"Polak,Oliver",0
"Richter,HansWerner",0
"Schier,Petra",0
"Schimmang,Jochen",156
"Schmied,Wieland",0
"Schnurre,Wolfdietrich",0
"Ulrich,Andreas",0
"Weick,Hermann",0
"Welter,Andreas",0
"Siege,Nasrin",0
"Chwylla,Béa",0
"Doll,Georgia",0
"Esenin,SergejA.",0
"Schnell,Peter",0
"Thieme,August",0
"Ahlers,Marieta",0
"Barlach,Ernst",0
"Diebels,Birgit",0
"Droste,Georg",0
"Hein,Günter",0
"Hollitzer,Herbert",0
"Holstein,Jupp",0
"Irmisch,Beate",0
"Jisa,Rudolf",0
"Luther,Martin",0
"Miles,William",0
"Neumann,Lothar",0
"Philp,Günther",0
"Preil,Hans-Joachim",0
"Schäfer,AlexanderG.",0
"Schreier,Carsten",0
"Schulz,Andreas",0
"Schwarz,Peter",0
"Stemmle,Rolf",0
"Wellerdiek,Karl-Heinz",0
"Wiese,Brigitte",0
"Zemme,Ulrike",0
"Ayoub,Susanne",0
"Bogner,Piet",0
"Böldl,Klaus",0
"Dutton,Annette",0
"Henschel,Gerhard",0
"Kaus,Gina",0
"Kurz,KarlFriedrich",0
"Michaelis,Antonia",0
"Petri-Sutermeister,Bolette",0
"Rasp,Renate",0
"Renz,Sylvia",0
"Stadler,Arnold",0
"Stöckel,Reinhard",0
"Vavrik,Elfriede",0
"Waller,Kornelia",0
"Bagheri-Goldschmied,Nahid",0
"Bickel,Margot",0
"Herzog,Marianne",0
"Rösler,JoHanns",0
"Sadr,Hamid",0
"Aehnlich,Kathrin",0
"Ahlswede,Elke",0
"Ahrens,Hanna",0
"Albany,James",0
"Albrecht,Stefan",0
"Arold,Marliese",0
"Ast,Victor",0
"Augustin,Ernst",0
"Bach,Cara",0
"Bader,Katarina",0
"Bartel,Jörg",0
"Barth,ArminP.",0
"Bauer,ChristophW.",0
"Bauer,Gerhard",0
"Baumann,Iren",0
"Beck,Eleonore",0
"Becker,Artur",0
"Becker,FrankS.",0
"Benno,JohannErnst",0
"Berberich,Eva",0
"Berkeley,Ben",0
"Beyeler,HermannAlexander",0
"Bielen,Valerie",0
"Bittner,Wolfgang",0
"Blaszczyk,Erika",0
"Böckler,Michael",0
"Boeser,Knut",0
"Bollmann,Sören",0
"Boulad,Henri",0
"Breuers,Dieter",0
"Bruns,Marianne",0
"Burghof,Bettina",0
"Cactus,Françoise",0
"Canitz,Friedrichvon",0
"Carstens,Carola",0
"Chromik,Resi",0
"Collée,Miriam",0
"Cullen,July",0
"Daum,Fritz",0
"Dorn,Anne",0
"Dotzler,Arsenius",0
"Dröscher,Daniela",0
"Eichel,Christine",0
"Enskat,Fritz",0
"Erdheim,Claudia",0
"Erler,Rainer",0
"Euw,Aloysvon",0
"Federico,Carla",0
"Foresti,Traute",0
"Fussenegger,Gertrud",104
"Fux,Christiane",0
"Gerstl,Elfriede",0
"Goetz,Bruno",0
"Gogolin,PeterH.",0
"Goltz,Barbaravonder",0
"Gudelius,Claudia",0
"Gütersloh,AlbertParis",0
"Hagedorn,Friedrichvon",0
"Hajos,Mary",0
"Halicka,Beata",0
"Handl,HaimoL.",0
"Hansen,Georg",0
"Hauptmann,Carl",0
"Hauptstock,Georg",0
"Heimann,Bodo",0
"Heinrich,Sabine",0
"Heinrich,Walter",0
"Held,Zoe",0
"Hemmann,Tino",0
"Henning,Peter",0
"Herrmann,Markus",0
"Hoffbauer,Jochen",0
"Holbe,Daniel",0
"Höntsch,Ursula",0
"Horny,Tinga",0
"Hübner,Franz",0
"Hülsebusch,Bernhard",0
"Iosivoni,Bianca",0
"Jansen,Marie",0
"Jeske,Gerhard",0
"Jurreit,Marielouise",0
"Kalka,Dieter",0
"Kaltenbrunner,Otto",0
"Kämmerer,Leo",0
"Kaufmann,Paul",0
"Keller,Paul",0
"Klein,Ernst",0
"Kleist,EwaldChristianvon",0
"Knapp,Andreas",0
"Knobloch,Ina",0
"Koch,Anna",0
"Köck,Thomas",0
"Kolb,GuidoJ.",0
"Köpp,ConstanzeH.E.",0
"Krebs,JohannBaptist",0
"Krieger,Günter",0
"Krzywon,ErnstJosef",0
"Kuehnelt-Leddihn,Erikvon",0
"Lakotta,ConsiliaMaria",115
"Langenstein,Bernhard",0
"Langkammer,MariuszWitoldvon",0
"Libera,Leszek",0
"Ligocka,Roma",0
"Marcus,Stella",0
"Matthiesen,Hinrich",0
"Matysiak,AdaJadwiga",0
"May,Iris",0
"Meier,Carlo",0
"Melchior,Ib",0
"Menzel,Oswald",0
"Mickiewicz,Iwona",0
"Minden,InkaLoreen",0
"Mönnich,Horst",0
"Morese,MariaCarmen",0
"Mühlenfels,Hannsvon",0
"Müller,Catrin",0
"Multhaupt,Hermann",0
"Muszer,Dariusz",0
"Mutius,Dagmarvon",0
"Niekrawietz,Hans",0
"Oesterle,Kurt",0
"Omari,Lailael",0
"Ossowski,Leonie",0
"Ostau,Ruthvon",0
"Osten,Manfred",0
"Paul,Fritzi",0
"Peter,Rita",0
"Pfister,Astrid",0
"Pisa,MariaRegina",0
"Prodöhl,Günter",0
"Rabener,GottliebWilhelm",0
"Regnier,Sandra",0
"Roden,Robert",0
"Röhrig,Tilman",0
"Ross,Christopher",0
"Rotzetter,Anton",114
"Russbült,Stephan",0
"Sachse,Günter",0
"Sandberg,Ellen",0
"Scandi,Tina",0
"Schilddorfer,Gerd",0
"Schlattner,Eginald",132
"Schmid,Ulrich",0
"Schmidt,Volker",0
"Scholtis,August",0
"Schoof,Renate",0
"Schulz,Paulina",0
"Schwartz,Gesa",0
"Senser,Armin",0
"Sinkel,Bernhard",0
"Sommer,Fedor",0
"Sopalla,Paul",0
"Stasiuk,Andrzej",0
"Stevens,Kelly",0
"Tanner,Jaden",0
"Taschler,JudithW.",0
"Taubitz,Monika",0
"Thadden,Johannesvon",0
"Thorwald,Jürgen",0
"Vollenbruch,Astrid",0
"Walser,Theresia",0
"Weissberg,Nea",0
"Wekwerth,Rainer",0
"Wilbert,Jürgen",0
"Winner,Jonas",0
"Winter,Hanna",0
"Winterfield,O.S.",0
"Wochele,Rainer",0
"Wojnakowska-Jabłońska,Paulina",0
"Wolf,Doris",0
"Woolf,Marah",0
"Worm,Heinz-Lothar",0
"Zander,HansConrad",0
"Zeller,Michael",0
"Zieliński,Adam",0
"Zöller,Martin",0
"Ansary,Maryam",0
"Arndt,Karin",0
"Bamm,Peter",0
"Bayer,Ingeborg",0
"Closs,HannahPriebsch",0
"Falb,Daniel",0
"Ferolli,Beatrice",0
"Fortunas,Hede",0
"Gerritsen,Tess",0
"Gomes,Chris",0
"Haisch,Ulrike",0
"Hetmann,Frederik",0
"Kunze,Michael",0
"Leinemann,Susanne",0
"Ludwig,Volker",0
"Martius,CarlFriedrichPhilippvon",0
"Michelsen,HansGünter",0
"Mueller,Harald",0
"Ramadan,Jasmin",0
"Schönthan,Franzvon",0
"Schwindt,Barbara",0
"Seuffert,Barbara",0
"Vaara,Alice",0
"Wertheimer,Jürgen",0
"Zeller,EvaChristina",0
"Peng,Hildefons",0
"Stäuble,Eduard",0
"Aebli,Kurt",0
"Albes,Andreas",82
"Bachér,Ingrid",0
"Baum,Beate",0
"Behmann,Ulrich",0
"Bode,Sabine",0
"Denk,VictorMartinOtto",0
"Dreichlinger,Vera",0
"Fischer,Rena",0
"Geerk,Frank",0
"Goeb-Kümmel,Christine",0
"Grill,Harald",0
"Haller,Christian",0
"Hammacher,Wilfried",0
"Hassel,Mike",0
"Helsing,Janvan",0
"Jablonsky,Hilla",0
"König,Wilhelm",0
"Kremnitz,Mite",0
"Langthaler,Hilde",0
"Lindt,Nicolas",0
"Mihailescu,Andrei",0
"Müller-Guttenbrunn,Adam",0
"Netenjakob,Moritz",0
"Popa,AdrianneHermina",0
"Sattler,Ines-Angelika",0
"Sava,Michael",0
"Schenk,ChristianW.",0
"Schlesak,Dieter",0
"Schönburg,Alexandervon",0
"Seiler,Hellmut",0
"Söllner,Werner",0
"Sylva,Carmen",0
"Wickert,Erwin",126
"Wunn,Carsten",0
"Wyss,JohannRudolf",0
"Altschüler,Boris",0
"Andree,Ina",0
"Baeredel",0
"Baronski,Eva",0
"Bart,Lore",0
"Belago,Linda",0
"Benkau,Jennifer",0
"Bergen,Jakov",0
"Bern,Alexvon",0
"Blum,Arne",0
"Bracharz,Kurt",0
"Caspary,Kim",0
"Cazon,Christine",0
"Ehrlich,Heinrich",0
"Fischer,Natalie",0
"Fitz,Lisa",0
"Fritzsche,Klaus",0
"Froemel,Werner",0
"Galen,Philipp",0
"Genke,GerbertG.",0
"Göll,Hermann",0
"Görg,Patricia",0
"Götz,Andreas",0
"Grabau,Fritz-René",0
"Graff,Helga",0
"Grimm,AlbertLudwig",0
"Hamerling,Robert",0
"Hansen,Dagmar",0
"Herder,Maria",0
"Hofmann,Tatjana",0
"Horie,Hildegard",0
"Ilisch,Maja",0
"Karau,Günter",0
"Keller,Christoph",0
"Kelling,Gerhard",0
"Kijamov,Ališer",0
"Kopelev,Lev",0
"Kordon'er,Mari",0
"Korona,Ira",0
"Kruse,Tatjana",0
"Kuhn,Kevin",0
"Kušnarenko-Surtaeva,V.G.",0
"Lager,Sven",0
"Lehmann,Christine",0
"Lessmann,Sandra",0
"Levski,MarcusE.",0
"Liebert,Andreas",0
"Liliencron,Detlevvon",0
"Löffel,Hartmut",0
"Metzler,Jost",0
"Mühlbach,Luise",0
"Mundt,Theodor",0
"Neumann,Alfred",0
"Niermann,Ingo",0
"Obergriessnig,Andreas",0
"Pataki,Heidi",0
"Pauly,Alfredo",0
"Pitawall,Ernst",0
"Puhlfürst,Claudia",0
"Puškina,NatalʹjaN.",0
"Randenborgh,Elisabetvan",0
"Royová,Kristína",0
"Samarow,Gregor",0
"Santiago,Elena",0
"Schachermeyr,Fritz",0
"Schäfer,Carlo",0
"Schiesser,Gerhard",0
"Schopenhauer,Arthur",0
"Schumacher,HeinrichVollrat",0
"Schwöbel,Wilhelm",0
"Špaar,VolʹdemarA.",0
"Sprung,Renate",0
"Stašus,Daniėlʹ",0
"Stockij,Julij",0
"Subbotin,Stanislav",0
"Trodler,Dagmar",0
"Veber,Cholten",0
"Vezelič,Budimir",0
"Volkmann-Leander,Richardvon",0
"Weber,Waldemar",0
"Weigand,Karla",0
"Woinowitsch,Olga",0
"Wolff,Steffivon",0
"Wollschläger,Hans",0
"Wörishöffer,Karl",0
"Wöss,Fritz",0
"Wulf,Franziska",0
"Браун,Лили",0
"Гете,ИоганнВольфганг",0
"Гримм,Братья",0
"Захер-Мазох,Леопольдфон",0
"Майринк,Густав",0
"Adams,Lilly",0
"Benyovszky,Karl",0
"Bieber,Horst",0
"Busch,Gertrud",0
"Buttlar,Johannesvon",0
"Dutli-Rutishauser,Maria",0
"Eibel,Stephan",0
"Faerber,Regina",0
"Gehm,Franziska",0
"Kerr,Charlotte",0
"Martell,Rupert",0
"Mednyánszky,Alajos",0
"Möckel,Klaus",0
"Nachtwey,Uwe",0
"Nádas,Péter",0
"Schippers,Wilhelm",0
"Schoenle,Annemarie",0
"Seck-Agthe,Monika",0
"Spiegel,JosefF.",0
"Thomas,Manuel",0
"Zenker,Helmut",0
"Zimmermann,Christa-Maria",0
"Alešovec,Jakob",0
"Bosmans,Phil",0
"Burk,Michael",0
"Bußmann,Nina",0
"Crüwell,G.A.",0
"Diehl,Sarah",0
"Guttenbrunner,Michael",0
"Hartinger,Ingram",0
"Horn,Rebecca",0
"Kappus,FranzXaver",0
"Karlin,AlmaM.",0
"Karlin,AlmaMaximiliane",0
"Klein,Elisabeth",0
"Kranjc,Marco",0
"Moreno,Maria",0
"Mueller,Roland",0
"Nuyen,Jenny-Mai",0
"Oseban,AnaJasmina",0
"Parin,Paul",0
"Penzoldt,Ernst",0
"Šteger,Aleš",0
"Strube,Wilhelm",0
"Viesèr,Dolores",0
"Wambrechtsamer,Anna",0
"Wittula,Anna",0
"Zoche,Hermann-Josef",0
"Zöllner,Angelika",0
"Alafenisch,Salim",0
"Andersen,HansChristian",0
"Arzt,Thomas",0
"Baesecke,Georg",0
"Bauch,Christian",0
"Bazlen,Roberto",0
"Berger,Frederik",0
"Berndorf,Jacques",0
"Berst-Frediani,Sascha",0
"Beto,Isabel",0
"Blankertz,Stefan",0
"Bredel,Willi",0
"Breitbach,Joseph",0
"Breloer,Heinrich",0
"Brentano,Bernardvon",0
"Brentano,Franz",0
"Burmeister,Brigitte",0
"Büscher,Tobias",0
"Capitani,Sabrina",0
"Carus,Roman",0
"Cavelty,GionMathias",0
"Chen,Chao-Hsiu",0
"Cohn,Leah",0
"Cramer,Doris",0
"Cremer,Drutmar",0
"Cueni,Claude",0
"Denk,Felix",0
"Ehrensperger,Serge",0
"Erlbruch,Wolf",0
"Friedrich,Joachim",0
"GarcíaMoreno,Aitor",0
"GarcíaPonce,Juan",0
"Genzmer,Herbert",0
"Gohl,Christiane",0
"Grosser,Karlheinz",0
"Gutzkow,Karl",0
"Hansen,Konrad",0
"Hartmann,HeikoMichael",0
"Hastings,Susan",0
"Hefner,Ulrich",0
"Heilander,Elisabeth",0
"Heilmann,Eva",0
"Heinse,Wilhelm",0
"Hermann,Wolfgang",0
"Hildebrandt,Dieter",0
"Höfele,Andreas",0
"Horst,Norbert",0
"Hyde,Malachy",0
"Jahnke,Robin",0
"Jané,Jordi",0
"Kabus,Christine",0
"Kain,Franz",0
"Kalka,Joachim",0
"Kálnay,Juliana",0
"Kamphoevener,ElsaSophiavon",0
"Kasnitz,Adrian",0
"Keim,Franz",0
"Keiser,Helen",0
"Kinder,Hermann",0
"Klonovsky,Michael",0
"Knigge,Judith",0
"Knopp,Beate",0
"Krege,Wolfgang",0
"Kreitz,Isabel",0
"Kruppa,Hans",0
"Kübler,Roland",0
"Kurnitzky,Horst",0
"Laurin,Ruben",0
"Leisner,Regine",0
"Leitner,Maria",0
"List,Berndt",0
"Maass,Edgar",0
"MartíPeña,Ofelia",0
"Michel,Peter",0
"Musäus,JohannKarlAugust",0
"Muster,Wilhelm",0
"Natonek,Hans",0
"Neutsch,Erik",0
"Niebelschütz,Wolfvon",0
"Noack,Barbara",0
"Nordau,Max",0
"OnettoMuñoz,Breno",0
"Pescarel,Lia",0
"Peters,Veronika",0
"Petry,Renata",0
"Porath,Silke",0
"Preisendörfer,Bruno",0
"Rhode,Max",0
"Richartz,WalterE.",0
"Rieder,Ines",0
"Rieks,Josefine",0
"Rönne,Ronjavon",0
"Rötzer,Richard",0
"Saeger,Uwe",0
"Saiko,George",0
"Sanders,Norah",0
"Schifferli,Dagmar",0
"Schlosser,Adolfo",0
"Schöner,Elsa",0
"Schoob,Jürgen",0
"Schopenhauer,Johanna",0
"Schössow,Peter",0
"Schulz,Bruno",0
"Schuon,Frithjof",0
"Sewald,Wolfgang",0
"Simon,Rainer",0
"Sonntag,Ellen",0
"Sütsch,Norbert",0
"Tsainis,Kathrin",0
"Uden,Horst",0
"Ulrichs,KarlHeinrich",0
"Vlasak,Kurt",0
"Vonnegut,Kurt",0
"Wanner,Heike",0
"Werz,Sabine",0
"Willkomm,Moritz",0
"Wings,Veronica",0
"Witzel,Holger",0
"Wolf,Daniel",0
"Xokonoschtletl",0
"Ziegler,Reinhold",0
"Ebner,Peter",0
"Gesemann,Gerhard",0
"Gjellerup,Karl",0
"Griesbeck,Robert",0
"Hamsun,Knut",0
"Hausmann,Manfred",0
"Herold,Tina",0
"Jaedtke,Wolfgang",0
"Lange,Claudio",0
"Mahrer,Louis",0
"Mehring,Franz",0
"Mendelssohn,Peterde",0
"Mikan,Denis",0
"Milanovic-Jelić,Jasna",0
"Paysen-Petersen,Georg",0
"Pittler,AndreasP.",0
"Radbruch,Gustav",0
"Risojević,Ranko",0
"Sax,Pol",0
"Scheer,Regina",0
"Schoen,ValentinW.",0
"Speier,Michael",0
"Spitzer,Leo",0
"Šumanac,Brana",0
"Thiel,Rudolf",0
"Uschmann,Oliver",0
"Wogrolly,Monika",0
"Bril-Jäger,Roswitha",0
"Cavelius,Alexandra",0
"Danius,Sara",0
"Elmbrant,Björn",0
"Feldenkirchen,Markus",0
"Fioretos,Aris",0
"Franzen,Jonathan",0
"Jaeggi,Eva",0
"Junge,Ricarda",0
"Kraus,JosephMartin",0
"Leithold,Norbert",0
"Lindroth,Malin",0
"Lüthi,Max",0
"Mahlknecht,Selma",0
"Noll,Peter",0
"Reitzer,Angelika",0
"Schacht,Ulrich",0
"Turkowski,Einar",0
"Wase,Dick",0
"Wattin,Danny",0
"Moser,Erwin",0
"Bastian,Till",0
"Bayraktar,Mesut",0
"Bedir-Xan,Kâmuran",0
"Beerwald,Sina",0
"Berlin,Katja",0
"Bold,Emily",0
"Çakır,Seher",0
"Cohen,WilliamS.",0
"Dübgen,Hannah",0
"Franckh,Pierre",0
"Glaesener,Helga",0
"Göttfert,Constantin",0
"Halbach,Karolina",0
"Halbritter,Kurt",0
"Hammer,Agnes",0
"Hübner,Michael",0
"Kern,Björn",0
"Kessler,Christof",0
"Koch,Boris",0
"Poppe,Grit",0
"Rekel,GerhardJ.",0
"Scheffel,Annika",0
"Schlederer,Victoria",0
"Turhan,Su",0
"Vigneron,Emile",0
"Walter,Dieter",0
"Wöhlcke,Manfred",0
"CramervonClausbruch,Adelheid",0
"Görlich,Günter",0
"Heinrich,Finn-Ole",0
"Kapitelman,Dmitrij",0
"Гейне,Генріх",0
"Rieschel,Paul",0
"Nagel,Elke",0
"Breyer,Nikolaus",0
"Schindler,Georg",0
"Fink,Georg",0
"Katz,Leo",0
