"","author","language"
"30","Trelenberg,Thorsten","ger"
"82","Ahlers,Marieta","nds"
"89","Daly,Leo","ger"
"90","Larson,R.J.","ger"
"92","Krenek,Ernst","ger"
"94","Sutcliff,Rosemary","ger"
"102","Roland,Oliver","ger"
"103","Roland,Oliver","ger"
"104","Roland,Oliver","ger"
"112","Braumann,Franz","ger"
"126","Merchant,Judith","lav"
"140","Cesaro,Ingo","ger"
"142","Alahmadi,Galal","ara"
"150","Lichtenstein,Alfred","ger"
"161","Peaston,Angelika","ger"
"178","Adams,Lilly","slo"
"189","Nickel,Artur","ger"
"200","Lenze,Ulla","fin"
"208","Bergmann,Brigitte","ger"
"319","Roland,Oliver","ger"
"328","Buck,Inge","ger"
"500","Weber,Ilse","fry"
"562","Bewersdorff-Langlotz,Eva-Saskia","ger"
"569","Nikolʹska,Mėri","ger"
"676","Hájíček,Jiří","ger"
"684","Glen,Joanna","ger"
"685","Melzer-Geissler,Elisabeth","ger"
"696","Roland,Oliver","ger"
"697","Roland,Oliver","ger"
"765","Ahlers,Marieta","nds"
"790","Behmann,Ulrich","rum"
"818","Miles,William","nds"
"1053","Morrison,Arthur","ger"
"1061","Kretz,Ingrid","lav"
"1105","Herzog,Rudolf","fin"
"1163","Tuomainen,Antti","fin"
"1209","Bode,Sabine","rum"
"1251","Felix,D.S.","ger"
"1291","Goeb-Kümmel,Christine","rum"
"1309","Goeb-Kümmel,Christine","rum"
"1311","Dutli-Rutishauser,Maria","slo"
"1356","Alioth,Gabrielle","ger"
"1379","Laub,Uwe","est"
"1440","Schnell,Peter","mul"
"1479","Гейне,Генріх","ukr"
"1482","Гейне,Генріх","ukr"
"1486","Гейне,Генріх","ukr"
"1524","Jonuleit,Anja","lav"
"1566","Stojka,Ceija","ger"
"1579","Bonner,Stefan","kor"
"1582","Hehl,Walter","ger"
"1635","Fischer,Rena","rum"
"1713","Hersch-Tausky,Daniela","ger"
"1714","Strugalla,Johannes","ger"
"1724","Becker,Cornelia","ara"
"1725","Horowitz,Anthony","ger"
"1757","Irmisch,Beate","nds"
"1761","Löschner,Irmgard","ger"
"1762","Şerban,Robert","ger"
"1821","Werner,Heinz","ger"
"1849","Neumann,Lothar","nds"
"1911","Morrissey,Di","ger"
"1914","Diebels,Birgit","nds"
"1925","Dettmann,Lutz","est"
"2075","Brown,Sandra","ger"
"2140","Kapitelman,Dmitrij","ukr"
"2158","Christie,Agatha","ger"
"2159","Christie,Agatha","ger"
"2217","Mihailescu,Andrei","rum"
"2257","Schmidgall,Renate","ger"
"2268","Wolfensberger,William","ger"
"2305","Heinrich,Finn-Ole","ukr"
"2322","Orczy,Emmuska","ger"
"2325","Parise,ClaudiaC.","ger"
"2345","Schuster,UteAnneMarie","ger"
"2361","Kretz,Ingrid","lav"
"2368","Knopp,Thomas","ger"
"2530","Č'k'vanava,Gela","ger"
"2570","Kolb,Rüdiger","ger"
"2583","Doehnert,Rodica","lav"
"2682","Maar,Paul","chi"
"2703","Bagus,ClaraMaria","kor"
"2739","Clements,Rory","ger"
"2760","Dickow,Barbara","ger"
"2779","Irmisch,Beate","nds"
"2797","Krebs,Gérard","ger"
"2804","Chomley,Antje","ger"
"2805","Ribas,Rosa","ger"
"2919","Kehle,Matthias","ger"
"2929","Kuhn,Horst","ger"
"2968","Schwarz,Peter","nds"
"3097","Schreier,Carsten","nds"
"3184","Hein,ManfredPeter","ger"
"3210","Herzog,Marianne","tir"
"3211","Herzog,Marianne","per"
"3235","Flint,Sarah","ger"
"3272","Fink,Georg","yid"
"3347","Wiese,Brigitte","nds"
"3388","Randt,Leif","ind"
"3419","Courant,Maria","ara"
"3429","Sullivan,MichaelJ.","ger"
"3462","Platzgumer,Hans","est"
"3541","Whitehill,RobertBlake","ger"
"3562","Müller,Katharina","ger"
"3642","Buck,Inge","ger"
"3643","Lain,Tara","ger"
"3705","Stephani,Claus","heb"
"3726","Katz,Leo","yid"
"3815","Laupus,Monika","ger"
"3993","Wüster,Jakob","ger"
"3994","Splitt,Peter","ger"
"4005","Rau,Milo","ger"
"4007","Keller,Volker","heb"
"4008","Baume,Sara","ger"
"4037","Pill,Harry","ger"
"4057","Arnim,MaryAnnettevon","ger"
"4058","Mousli,Lunaal-","ger"
"4134","Mazzi,Lisa","ger"
"4203","Dannhorn,Joung-Ja","kor"
"4210","Griesbach,Corinna","ger"
"4223","Brasch,Marion","fin"
"4259","Mückain,Johanna","ger"
"4268","D'Erceville,Danielė","ger"
"4426","Zieger,Ulrich","ger"
"4490","Norris,Sigrid","ger"
"4525","Netenjakob,Moritz","rum"
"4614","Hock,Kurt","kor"
"4824","Eastland,Sam","ger"
"4837","Molnar,Adolf","fin"
"4850","DalPoggetto,Manuela","ger"
"4956","Moster,Stefan","fin"
"5085","Klas-Glass,Reny","est"
"5125","Shakespeare,William","ger"
"5129","Larionov,Denis","ger"
"5136","Bosse-Sporleder,Maria","est"
"5165","Cesaro,Ingo","ger"
"5173","Loosli,Ruth","ger"
"5244","Hein,ManfredPeter","ice"
"5254","Acklin,Jürg","ara"
"5268","Borra,Antonello","ger"
"5339","Becker,Jürgen","ger"
"5376","Qu,Yuan","chi"
"5404","Leitschuh,MarcusC.","kor"
"5419","Berg,Eva-Maria","ger"
"5420","Welskopf-Henrich,Liselotte","ger"
"5423","Maier,Kathrin","ger"
"5464","Regoli,Uta","ger"
"5474","Welskopf-Henrich,Liselotte","ger"
"5489","Kremnitz,Mite","rum"
"5491","Ephrussi,Elisabethvon","ger"
"5495","Cesaro,Ingo","ger"
"5516","Mousli,Lunaal-","ger"
"5653","Welskopf-Henrich,Liselotte","ger"
"5720","Präauer,Teresa","ara"
"5730","Schönburg,Alexandervon","rum"
"5829","Kuhligk,Björn","ger"
"6000","Loriot","kor"
"6056","Currey,Mason","ger"
"6138","Sommer,Edith","ger"
"6166","Schulz,Andreas","nds"
"6192","Sava,Michael","rum"
"6213","Jäger,Katja","fin"
"6289","Wu,Jingzi","chi"
"6306","Hoffmann,Johanna","lav"
"6319","Bergmann,Renate","kor"
"6324","Sima,Qian","chi"
"6364","Byrne,Kerrigan","ger"
"6372","Sigg,Helmi","ger"
"6470","Schreier,Carsten","nds"
"6490","OvidiusNaso,Publius","ger"
"6514","Buck,Inge","ger"
"6530","VanWinkle,Ryan","ger"
"6600","Jensen,Nils","ger"
"6623","Pu,Songling","chi"
"6631","Lubitsch,Nika","slo"
"6706","Kirchner,Katrin","ger"
"6738","Hummel,Eleonora","kaz"
"6755","Dischereit,Esther","ger"
"6870","Hoerschelmann,Fredvon","fry"
"6878","RussoKarcher,Nina","ger"
"6914","James,Eloisa","ger"
"7012","Kraus,Rudolf","ger"
"7021","David,Ernst","ger"
"7029","Lee,Edward","ger"
"7039","Wustmann,Gerrit","ger"
"7061","Wenzel,Hans-Eckardt","ger"
"7071","Philp,Günther","nds"
"7142","Brasch,Marion","fin"
"7205","Mintrop,Theodor","ger"
"7354","Pu,Songling","chi"
"7355","Fankhauser,JürgM.","ger"
"7397","Wiedemann,FerdinandJohann","est"
"7424","Stewner,Tanya","geo"
"7539","Wieland,Ursula","ger"
"7550","Droste,Georg","nds"
"7639","Kremnitz,Mite","rum"
"7665","Can,Safiye","ger"
"7712","Balfour,Liz","lit"
"7755","Viehweg,Frank","ger"
"7796","Keyser,Charlotte","lit"
"7896","Erath,Vinzenz","est"
"7897","Häfner,Guido","ger"
"7948","Decar,Michel","ger"
"7952","Philp,Günther","nds"
"7953","Meyer,Deon","ger"
"7974","Kobr,Michael","chi"
"8009","Langenscheidt,Florian","chi"
"8047","Timmermans,Rudolf","est"
"8084","Dettmann,Lutz","est"
"8094","Kirchner,Katrin","ger"
"8146","Gröschner,Annett","chi"
"8149","Sommer,Edith","ger"
"8176","Bagheri-Goldschmied,Nahid","per"
"8212","Conradi,Hermann","ger"
"8214","Keßner,Andreas","ger"
"8221","Doll,Georgia","mul"
"8236","Jisa,Rudolf","nds"
"8258","Uhland,Ludwig","ger"
"8274","Rückert,Friedrich","ger"
"8278","Müllner,Adolph","ger"
"8281","Rückert,Friedrich","ger"
"8357","Holstein,Jupp","nds"
"8362","Ahrens,Renate","kor"
"8366","Uzun,Kamil","ger"
"8392","Hemingway,Ernest","ger"
"8400","Beuß,Barbara","ger"
"8403","Aichmayr,Michael","ger"
"8430","Seidel,Dieter","ger"
"8443","Mühldorfer,Stefan","ara"
"8453","Häfner,Guido","ger"
"8543","Leman,Susanne","ger"
"8605","Hollitzer,Herbert","nds"
"8776","Spiegel,JosefF.","slo"
"8777","Hahn,AnnaKatharina","fin"
"8829","Eilenberger,Wolfram","fin"
"8849","Kröber,Hans-Ludwig","fin"
"8863","Berger,Clemens","chi"
"8911","Schreier,Carsten","nds"
"8945","Feldhaus,Hans-Jürgen","lit"
"8951","Schreier,Carsten","nds"
"8975","Michel,Robert","bos"
"9011","Musharbash,Yassin","fin"
"9013","Funke,Cornelia","glg"
"9071","Lubitsch,Nika","lit"
"9082","Marti,Lorenz","chi"
"9108","Gehm,Franziska","slo"
"9147","Vyoral,Hannes","ger"
"9270","Seifert,Ilja","ger"
"9293","Gröschner,Annett","fin"
"9303","Bauer,Katharina","ger"
"9331","Fletcher,Adam","ger"
"9366","Rechberger,Rainer","ger"
"9388","Sofronieva,Tzveta","ger"
"9396","Hees,Karin","ger"
"9418","Baum,Beate","rum"
"9467","Vegesack,Siegfriedvon","lav"
"9575","Hein,Günter","nds"
"9592","Grotjahn,Friedrich","ger"
"9595","Godberg,Greta","ger"
"9616","Dick,Uwe","ger"
"9634","Häfner,Guido","ger"
"9684","Messmer,Susanne","ger"
"9709","Thieme,August","mul"
"9719","Phillips,SusanElizabeth","ger"
"9721","Kehle,Matthias","ger"
"9736","Schlevogt,PierreChristophe","ger"
"9750","Zemme,Ulrike","nds"
"9762","Bodmershof,Imma","ger"
"9784","Leon,Donna","ger"
"9838","Lasonchyk,R.","ger"
"9844","Schönburg,Alexandervon","rum"
"9878","Brincken,Gertrudvonden","ger"
"9901","Ramnek,Hugo","ger"
"9917","Stemmle,Rolf","nds"
"9918","Meyer-Götz,Heinrich","ger"
"9934","Rösler,JoHanns","per"
"9935","Barkow,Nick","kor"
"10042","Preil,Hans-Joachim","nds"
"10094","Roland,Oliver","rum"
"10097","Luther,Martin","nds"
"10107","Polak,Oliver","lit"
"10125","Sommer,Edith","ger"
"10180","Moster,Stefan","fin"
"10187","Carr,Robyn","ger"
"10340","Schleyer,JohannMartin","epo"
"10358","Petery,Constanze","lav"
"10530","Hemau,Gisela","ger"
"10543","Petersmann,Konstanze","ger"
"10544","Häfner,Guido","ger"
"10575","Günther,Ralf","lit"
"10589","Kanduth,Gerard","ger"
"10661","Stocker,Darja","ger"
"10706","Langenscheidt,Florian","ara"
"10738","Rudolph,Frank","ger"
"10739","Greif,Martin","ger"
"10764","Wustmann,Gerrit","ger"
"10770","Kureishi,Hanif","ger"
"10843","Gary,Romain","ger"
"10844","Wellerdiek,Karl-Heinz","nds"
"10881","Monk,Radjo","ger"
"10883","Martin,Tom","ger"
"10890","Abbott,David","ger"
"10891","Barnes,Keith","ger"
"10892","Mayer,Ralo","ger"
"10930","Liersch,Hendrik","ger"
"10931","Barlach,Ernst","nds"
"10970","Ribeiro,MarcosA.P.","ger"
"10984","Markarēs,Petros","ger"
"10994","Häfner,Guido","ger"
"11002","Berije,Levan","lav"
"11009","Molzer,Kurt","ger"
"11010","Molzer,Kurt","ger"
"11017","Bund,Edgard","ger"
"11053","Oskamp,Katja","fin"
"11178","Reichmann,Vilém","ger"
"11198","Gomringer,Eugen","ger"
"11350","RussoKarcher,Nina","ger"
"11356","Kiefer,Reinhard","ger"
"11367","Sommer,Edith","ger"
"11393","Erpenbeck,Charlotte","ger"
"11398","HeinzedeLorenzo,Ursula","ger"
"11491","Pohl,Hertha","ger"
"11532","Winter,Sophie","kor"
"11755","Eliot,T.S.","ger"
"11815","Gerlof,Kathrin","fin"
"11842","Chwylla,Béa","mul"
"11877","Cramer,Sofie","lit"
"11890","Hübotter,Klaus","ara"
"11893","Hübotter,Klaus","ger"
"11937","Iten,Andreas","est"
"11938","Esenin,SergejA.","mul"
"11941","Simon,Claus","ger"
"11979","Dostojewskij,FjodorM.","ger"
"12026","Heimes,Silke","ger"
"12072","Dostojewskij,FjodorM.","ger"
"12074","Fallon,Jennifer","ger"
"12075","Fallon,Jennifer","ger"
"12080","Schäfer,AlexanderG.","nds"
"12082","Dostojewskij,FjodorM.","ger"
"12085","Pessoa,Fernando","ger"
"12103","Oates,JoyceCarol","ger"
"12108","Abel,Winnie","nds"
"12140","Austen,Jane","ger"
"12155","Pessoa,Fernando","ger"
"12169","Parise,ClaudiaC.","ger"
"12175","Flynn,Gillian","ger"
"12190","Wood,Barbara","ger"
"12205","Reiche,Claudia","ger"
"12245","Bettermann,Stella","ger"
"12278","Berg,Sophie","lit"
"12296","Röckener,Andreas","chi"
"12302","Bischoff,Friedrich","ger"
"12310","Schier,Petra","lit"
"12415","Neuwald,Alfred","chi"
"12536","Schober,Michael","chi"
"12550","Reisdorf,TheodorJ.","ger"
"12562","Praetorius,Johannes","ger"
"12570","Sullivan,MarkT.","ger"
"12606","Häfner,Guido","ger"
"12612","Duhm,Heltrud","ger"
"12614","Girón,Manuel","ger"
"12655","Waldis,Burkhard","lav"
"12681","Pessoa,Fernando","ger"
"12724","Vila-Matas,Enrique","ger"
"12741","Franke,Ruth","ger"
"12742","Koppelkamm,Stefan","ger"
"12770","Däubler,Theodor","ger"
"12796","Briggs,Patricia","ger"
"12808","Kumar,Anant","ger"
"12826","Bourne,Sam","ger"
"12875","French,Tana","ger"
"12876","Hoffmann,Anna","ger"
"12907","James,Peter","ger"
"12928","Dostojewskij,FjodorM.","ger"
"12930","Peter,MariaW.","ger"
"12946","Klaushofer,Roswitha","ger"
"12959","Stein,Johanna","ger"
"12961","Thompson,Carlene","ger"
"13005","Mulisch,Harry","lit"
"13009","Benioff,David","ger"
"13010","Gomringer,Eugen","ger"
"13011","Gomringer,Eugen","ger"
"13071","Hermann,Kai","lit"
"13088","Forster,E.M.","ger"
"13119","Kraus,Ivan","ger"
"13161","Willi,Jean","cat"
"13176","Twining,James","ger"
"13226","Isherwood,Christopher","ger"
"13227","Dostojewskij,FjodorM.","ger"
"13234","Collins,Wilkie","ger"
"13235","Richler,Mordecai","ger"
"13238","Saillo,Ouarda","ger"
"13240","Parise,ClaudiaC.","ger"
"13266","Feehan,Christine","ger"
"13267","Leach,Roger","ger"
"13278","Herbert,Heinz","ger"
"13357","Ahern,Cecelia","ger"
"13359","Odelga,Ingeborg","ger"
"13360","Gonserowski,Annette","ger"
"13379","Lindt,George","chi"
"13387","Edel,Rabea","heb"
"13404","Pabst,Lothar","cat"
"13421","Schnetz,WolfPeter","ger"
"13443","Ramos,Graciliano","ger"
"13446","Ettl,PeterJeremy","ger"
"13470","Kröger,Wolfgang","est"
"13659","Schönthan,Gabyvon","est"
"13686","Tropper,Jonathan","ger"
"13763","Chandler,Raymond","ger"
"13815","Petit,Chris","ger"
"13816","Marcard,Micaelavon","lit"
"13832","Miller,Rebecca","ger"
"13877","Langer,Jiří","est"
"13879","Kluge,Karlheinz","ger"
"13963","Otten,WillemJ.","ger"
"13964","Häfner,Guido","ger"
"13971","Popa,AdrianneHermina","rum"
"13975","Rusch,Sheldon","ger"
"14033","Brown,Andrea","vie"
"14034","Techet,Carl","ger"
"14047","Domašcyna,Róža","ger"
"14070","Rautenberg,Arne","ger"
"14074","Thomas,Helga","ger"
"14082","Hoffman,Jilliane","ger"
"14115","Harvey,Sarah","ger"
"14126","Sutzkever,Abraham","ger"
"14129","O'Connor,Joseph","ger"
"14142","Barkow,Nick","chi"
"14152","Bucay,Jorge","ger"
"14155","Griffiths,Sharon","ger"
"14176","Holtei,Karlvon","ger"
"14201","Völker,Peter","ger"
"14268","Wunn,Carsten","rum"
"14270","AdamsRichards,David","ger"
"14320","Bourne,Sam","ger"
"14354","Conrad,Joseph","ger"
"14378","Schwarz,Annelies","ger"
"14380","Lorenc,Kito","ger"
"14481","French,Tana","ger"
"14488","Swift,Jonathan","ger"
"14490","Hessing,Jakob","heb"
"14555","Stange,Gerda","ger"
"14560","Lepka,GregorM.","ger"
"14598","Welter,Andreas","lit"
"14607","Spoerl,Heinrich","lav"
"14742","Thomas,Helga","ger"
"14764","Roland,Oliver","ger"
"14788","Duncker,Dora","est"
"14895","McDevitt,Jack","ger"
"15053","Brown,Andrea","lav"
"15076","HeinzedeLorenzo,Ursula","ger"
"15110","Scott,Michael","ger"
"15125","MacNeill,Alastair","ger"
"15191","Martell,Rupert","slo"
"15206","Rankin,Ian","ger"
"15207","Ahern,Cecelia","ger"
"15319","Häfner,Johannes","ara"
"15349","Surra,Kerstin","ger"
"15415","Demuth,Volker","ger"
"15432","Ahlborn,SiegfriedHeinz-Jürgen","ger"
"15466","Adam,Gabi","fin"
"15488","Kui,Alexandra","ice"
"15492","Cronenburg,Petravan","lit"
"15499","Kessler,Klaus","ger"
"15540","Wandeler-Deck,Elisabeth","ger"
"15564","Barth,Peter","ger"
"15648","Grüneberger,Ralph","ger"
"15662","Steinriede,Rosemarie","ger"
"15692","Keil,ChristinaE.","ger"
"15818","Cronenburg,Petravan","lit"
"15830","Brown,Andrea","lit"
"15845","Brown,Andrea","lav"
"15899","Cott,GeorgOswald","ger"
"15905","Niederle,HelmuthA.","geo"
"15919","Kohl,Paul","bel"
"15953","Maupassant,Guyde","ger"
"15955","Evers,Horst","kor"
"15986","Seiler,Hellmut","rum"
"16011","Grill,Harald","rum"
"16041","Maiwald,Peter","ger"
"16089","Shakespeare,William","ger"
"16099","Challis,Sarah","ger"
"16245","Kapielski,Thomas","ger"
"16264","Kuntz,Mark","fin"
"16282","Kinzelmann,Dietlind","ger"
"16310","Giono,Jean","chi"
"16313","Häfner,Johannes","ara"
"16314","Häfner,Johannes","ara"
"16320","Rajah,Susi","ger"
"16338","Hielscher,Juliane","fin"
"16364","Ulrich,Andreas","lit"
"16367","Mayer,Lisa","ger"
"16387","Schernikau,MichaelRasmus","ger"
"16411","Cumart,Nevfel","ger"
"16473","Stingl,Günther","geo"
"16476","Kraus,Ivan","ger"
"16517","Ahlborn,SiegfriedHeinz-Jürgen","ger"
"16529","Paluch,Andrea","lit"
"16534","Materni,Undine","ger"
"16551","Kahlert,August","ger"
"16553","Lindemann,Bernd","ger"
"16637","Meyer-Dietrich,Inge","chi"
"16676","Bardéz,Roberto","ger"
"16745","Schenkel,Elmar","ger"
"16749","CainKülbel,Jürgen","ara"
"16773","Taufiq,Suleman","ger"
"16790","Balàka,Bettina","est"
"16799","Birbaek,Michel","lit"
"16809","Schnurre,Wolfdietrich","lit"
"16825","Rücker,PeterE.","ger"
"16912","Tänzer,Gerhard","ger"
"16991","Lenze,Ulla","chi"
"17035","Roth,Eugen","ger"
"17176","Kuessner,Lutz","lav"
"17279","Kolb,Ulrike","ger"
"17281","Chobot,Manfred","ger"
"17307","Tegetthoff,Folke","kor"
"17356","Koskull,Josivon","est"
"17373","Arens,Annegrit","lit"
"17445","Thomas,Helga","ger"
"17505","Barkow,Nick","chi"
"17506","CramervonClausbruch,Adelheid","ukr"
"17517","Huber,Klaus","ger"
"17549","Diehl,Andreas","ger"
"17601","Syha,Ulrike","ger"
"17617","Saurer,Andreas","ger"
"17666","Steinwendtner,Brita","geo"
"17681","Brätter,Peter","ger"
"17685","Haus,Heinz-Uwe","ger"
"17688","Mednyánszky,Alajos","slo"
"17694","Dreichlinger,Vera","rum"
"17704","Acklin,Jürg","ger"
"17709","Ahlborn,SiegfriedHeinz-Jürgen","ger"
"17718","Doyle,ArthurConan","ger"
"17782","Gutschmid,Eugenvon","ger"
"17799","Kruse,Sigrid","ger"
"17859","Kirchner,Katrin","ger"
"17950","Häfner,Johannes","ger"
"18123","Stroheker,Tina","ger"
"18137","Urweider,Raphael","ger"
"18173","Pabst,Lothar","cat"
"18178","Grosberg,Oskar","lav"
"18212","HeinzedeLorenzo,Ursula","glg"
"18228","Simrock,Karl","chi"
"18253","Sattler,Ines-Angelika","rum"
"18254","HeinzedeLorenzo,Ursula","ger"
"18263","Völker,Peter","ger"
"18291","Gradl,Christine","ger"
"18431","Jablonsky,Hilla","rum"
"18460","Bielenstein,Daniel","lav"
"18500","Jussen,Heinz","ger"
"18552","Green,SimonR.","ger"
"18571","Lenze,Ulla","ara"
"18594","Šalāh,ʿAlīaš-","ara"
"18615","Walke,Susan","ger"
"18618","Regensburger,Annemarie","ger"
"18718","Kneissler,Michael","kor"
"18739","Manteuffel,PeterZoegevon","lav"
"18817","Auwad,Fouadel-","ara"
"18840","Burnicki,Ralf","ger"
"18852","Busta,Christine","lit"
"18863","Müller-Walter,Doris","ger"
"18865","Scheffel,JosephVictorvon","est"
"18925","Lindt,Nicolas","rum"
"18926","Bickel,Margot","per"
"18952","Lavee,Ingrid","heb"
"19033","Chobot,Manfred","ukr"
"19190","Mahlow,Verena","lav"
"19193","Pabst,Lothar","cat"
"19212","Schawerda,Elisabeth","ger"
"19220","Haller,Christian","rum"
"19283","Helsing,Janvan","rum"
"19387","Gaiman,Neil","ger"
"19393","Sommerkamp,Sabine","lav"
"19434","Stein,Gerhard","ger"
"19492","Pfeifer,Tadeus","ger"
"19552","Alexis,Willibald","est"
"19569","Joop,Wolfgang","lit"
"19582","Kresswitz,Nina","lit"
"19586","Köttner-Benigni,Klara","ger"
"19592","Troll,Thaddäus","ger"
"19686","Bickel,Margot","per"
"19785","Bau,Holger","ger"
"19824","McCay,Bill","ger"
"19829","Lederer,Joe","ger"
"19838","Martin,Hansjörg","fin"
"19914","Rolf,Antonia","ger"
"20010","Winckler,Britta","est"
"20021","Schröder,Burkhard","est"
"20064","Kuppel,Gotthart","ger"
"20145","Weill,Kurt","kor"
"20179","Anderhandt,Jakob","chi"
"20184","Noll,Wulf","ger"
"20187","Murnau,RichardF.","ger"
"20223","Bender,Hans","kor"
"20263","Hela,OrtrunBrunhild","lav"
"20301","Lenz,Anita","chi"
"20328","Aebli,Kurt","rum"
"20354","Schuster,Gaby","lav"
"20376","Müller-Guttenbrunn,Adam","rum"
"20389","Hall,Constance","ger"
"20439","Hille,UlrikeMarie","ger"
"20447","Wyss,JohannRudolf","rum"
"20472","Robbins,Tom","ger"
"20486","Sadr,Hamid","per"
"20545","Peng,Hildefons","roh"
"20558","Wintersteiner,Marianne","est"
"20701","Winckler,Britta","est"
"20714","Pinthus,Kurt","ger"
"20760","Stejn,Karl","ger"
"20777","Duncker,Dora","est"
"20787","Tegetthoff,Folke","ger"
"20811","Schroeder,Ulla","ger"
"20854","Wolf,Hugo","ger"
"20875","Winckler,Britta","est"
"20997","Hoffmann,Reinhold","ger"
"21031","Limacher,Roland","lit"
"21071","Moser,Erwin","tha"
"21103","Hassel,Mike","rum"
"21109","Faro,Marlene","lit"
"21126","Brussolo,Serge","ger"
"21128","Kusenberg,Kurt","kor"
"21136","Schuster,Gaby","lav"
"21153","Lükens,Markus","est"
"21194","Hammacher,Wilfried","rum"
"21218","Schnyder,Monika","ger"
"21255","Stejn,Karl","ger"
"21273","Benyovszky,Karl","slo"
"21351","Rechberger,Rainer","ger"
"21367","Schmied,Wieland","lit"
"21368","Claßen,Andrea","lit"
"21381","Lindemann,Bernd","ger"
"21434","Völker,Peter","ger"
"21488","Neumann,Walter","ger"
"21557","Becker,MarthaEllen","ger"
"21574","Jung,Peter","ger"
"21637","Schlesak,Dieter","rum"
"21656","Stejn,Karl","ger"
"21662","Fiechtner,UrsM.","ger"
"21718","Isherwood,Christopher","est"
"21727","Buder,Johan","ger"
"21766","Gaugler-Straumann,Barbara","ger"
"21767","Hueck-Dehio,Else","est"
"21777","Regnier,Anatol","heb"
"21844","Winckler,Britta","est"
"21894","Schippers,Wilhelm","slo"
"21916","Schimmel,Annemarie","ara"
"21929","Rother,Alfred","ger"
"21955","Margwelaschwili,Giwi","geo"
"22042","Schütz,Stefan","ger"
"22142","Werth,Babette","ger"
"22154","Beutelspacher,Albrecht","kor"
"22163","Conrad,Michael","est"
"22320","Zimmermann,Christa-Maria","slo"
"22367","Gaugler-Straumann,Barbara","ger"
"22376","Erkel,Ferenc","ger"
"22459","Liebetreu,Donald","ger"
"22493","Frank,Martin","ger"
"22541","Stejn,Karl","ger"
"22552","Beethoven,Ludwigvan","ger"
"22749","Daive,Jean","ger"
"22844","Somplatzki,Herbert","ger"
"22879","Wehrli,PeterK.","ger"
"22910","Gellhaus,Axel","ger"
"22936","Schlesak,Dieter","rum"
"22947","Sylva,Carmen","rum"
"22994","Bachér,Ingrid","rum"
"23025","Holtei,Karlvon","lav"
"23080","Brockmann,Reiner","est"
"23150","Wagner,HeikeK.","est"
"23161","Mara,Ulrike","ger"
"23171","Dutli-Rutishauser,Maria","slo"
"23198","Schoenle,Annemarie","slo"
"23295","Christiansen-Simons,Momme","fry"
"23373","Chobot,Manfred","ger"
"23381","Biberger,ErichLudwig","ger"
"23495","Nádas,Péter","slo"
"23548","Marschner,Rosemarie","est"
"23579","Wintersteiner,Marianne","est"
"23593","Hassel,Mike","rum"
"23610","Federmair,Leopold","ger"
"23749","Eners,W.I.","ger"
"23775","Blauhut,Holger","ger"
"23830","Ebert,Holger","est"
"23878","Busch,Gertrud","slo"
"24004","Grüneberger,Ralph","ger"
"24024","Geerk,Frank","rum"
"24127","Cordonnier,Marie","lit"
"24277","Boura,Ewa","ger"
"24341","Grüneberger,Ralph","ger"
"24344","Hein,ManfredPeter","ger"
"24373","Schaffer,Ulrich","ger"
"24450","Schweiger,Wolfgang","est"
"24453","Vegesack,Siegfriedvon","lav"
"24461","Déry,Tibor","ger"
"24463","Fernau,Joachim","kor"
"24517","Schweiger,Wolfgang","est"
"24581","Sad,Yaʿaqov","heb"
"24587","Cordonnier,Marie","lit"
"24634","Cordonnier,Marie","lit"
"24653","Kropp,Jürgen","ger"
"24667","Burgstedt,Eva","est"
"24693","Biberger,ErichLudwig","ger"
"24810","Heinrich,RichardW.","ger"
"24860","PelzvonFelinau,Josef","est"
"24861","PelzvonFelinau,Josef","slo"
"24864","Müller,FriedrichMax","kor"
"24877","Bach,Leonie","lit"
"24887","Cordes-Vollert,Doris","ger"
"25096","Kramer,Theodor","ger"
"25177","Wawrzyniak,Zdzisław","ger"
"25255","Stephan-Kühn,Freya","ger"
"25326","Thüminger,Rosmarie","cat"
"25460","Abraham,FiloM.","heb"
"25476","Kipphardt,Heinar","ara"
"25543","Faschon,Susanne","ger"
"25583","Arens,Annegrit","lav"
"25675","Steinweg,Marcus","ger"
"25852","Rosenfeld,Ruth","ger"
"25862","Bänsch,Dieter","ger"
"25876","Krause,Barbara","est"
"25926","Weber,CarlMariavon","ger"
"26016","Müller,Gert","ger"
"26018","Aichelburg,Wolfvon","ger"
"26231","Rommel,Alberta","est"
"26279","Kien,Peter","heb"
"26355","Soumagne,Ludwig","ger"
"26392","DelleGrazie,MarieEugenie","est"
"26426","Telek,Nazif","ger"
"26447","Söllner,Werner","rum"
"26472","Köttner-Benigni,Klara","ger"
"26548","Sela,Petra","ger"
"26555","Fiebig,Gerald","ger"
"26564","Neumann,Walter","ger"
"26612","Nielsen,FredericW.","ger"
"26623","Höfler,PollyMaria","lav"
"26626","Meinshausen,R.Hermann","lav"
"26675","Roosen,Samantha","lav"
"26708","Mirtse,Agnes","ger"
"26713","BeckerAlvarez,Nora","ger"
"26801","Döry,Ruth","heb"
"26846","Roosen,Samantha","lav"
"26897","Raid,Robert","est"
"27030","Weick,Hermann","lit"
"27032","Fechenbach,Felix","heb"
"27044","Dreiske,Hans-Herbert","ger"
"27046","Holesch,Ditha","lav"
"27079","Mondfeld,Wolframzu","est"
"27109","Nachtwey,Uwe","slo"
"27138","Roosen,Samantha","lav"
"27154","Leynaud,René","ger"
"27193","Schenk,ChristianW.","rum"
"27201","Roosen,Samantha","lav"
"27213","Faerber,Regina","slo"
"27235","Wery,Ernestine","est"
"27341","Schlesak,Dieter","rum"
"27345","Duncker,Dora","lav"
"27401","Samur-Kajin","ger"
"27408","Mrasek,KarlNorbert","est"
"27411","Möckel,Klaus","slo"
"27436","Denk,VictorMartinOtto","rum"
"27509","Pfeil,Ellmar","lav"
"27524","Scheffel,JosephVictorvon","lit"
"27590","Dreiske,Hans-Herbert","ger"
"27606","Berkow,Karl","lav"
"27640","Behr,Hermann","est"
"27647","Stäuble,Eduard","roh"
"27683","Lange,Fritz","lav"
"27703","Pezold,Leopold","est"
"27842","Rönckendorff,Edda","lav"
"27845","Beer,Natalie","est"
"27892","Trott,Magda","lav"
"27894","Richter,HansWerner","lit"
"27895","Hartig,Dieter","epo"
"27910","Richter,HansWerner","lit"
"27911","Langthaler,Hilde","rum"
"27932","Bentivegni,Inavon","ger"
"27947","Eis,Osso","lav"
"27962","Zils,Diethard","ger"
"27995","Anderka,Johanna","ger"
"28069","Schneider,Hanna","lav"
"28194","Weill,Erwin","lav"
"28225","Šrers,Gustavs","lav"
"28226","Kerr,Charlotte","slo"
"28334","Seck-Agthe,Monika","slo"
"28379","Hain,Paul","lav"
"28747","Köttner-Benigni,Klara","slo"
"28810","Hain,Paul","lav"
"28825","Thomas,Manuel","slo"
"28967","Hain,Paul","lav"
"29015","Achermann,FranzHeinrich","lit"
"29121","Abell,ArthurM.","cat"
"29151","Lorenz-Lindemann,Karin","heb"
"29176","Buttlar,Johannesvon","slo"
"29271","Adlhoch,Christine","ger"
"29360","Spoerl,Heinrich","lav"
"29660","Panhys,Annyvon","lav"
"29850","Schreiter,Helfried","est"
"29989","Eibel,Stephan","slo"
"30101","Bolinder,Jean","fin"
"30248","Scholz,Wilhelmvon","lav"
"30358","Pawelzik,Fritz","fin"
"30599","Strasser,Johano","fry"
"30725","Klein,Eduard","lav"
"30732","Herzog,Werner","fin"
"30761","Schönthan,Gabyvon","fin"
"30840","König,Wilhelm","rum"
"30862","Kipphardt,Heinar","ara"
"30922","Mielcke,ChristianGottlieb","lit"
"30934","Görlich,Günter","ukr"
"30948","Lantos,Titus","ger"
"31008","Berg,Balthasar","fin"
"31075","Wendt,Albert","slo"
"31080","Bieber,Horst","slo"
"31280","Koß,Bert","ger"
"31281","Koß,Bert","ger"
"31313","Hildebrandt,Irma","ger"
"31452","Schwarz,Hans-Erich","ger"
"31493","Wendt,Albert","ger"
"31494","Wendt,Albert","ger"
"31497","Zenker,Helmut","slo"
"31517","Scholz-Amoulong,Sieglinde","ger"
